Customer ID,Name,Email,Product Purchased,Purchase Date,Amount Spent ($),City,Payment Method
8734,Amber Baker,oscarhardin@example.net,Portable Charger,28-01-2019,61,New Susanland,Credit Card
3836,Christina Harmon,alvaradojesus@example.org,Smartphone,21-01-2021,264,East Lydiaburgh,UPI
5840,Mrs. Tasha Herring,edorsey@example.com,Smartphone,14-10-2017,388,Austinmouth,UPI
4742,Henry Mcmahon,tnash@example.net,Laptop Case,06-12-2023,73,Port Kerryside,COD
5995,Scott White,anneespinoza@example.net,Wireless Headphones,27-03-2019,186,Port Tammy,UPI
8685,Sara Crawford,charlesaustin@example.net,Smartphone,29-08-2023,48,East Paul,Credit Card
3668,James Buckley,jwalls@example.org,Portable Charger,18-11-2021,191,Brownmouth,Credit Card
7588,Patrick Knight,jeffrey02@example.net,Smartphone,04-12-2023,86,Gonzalezport,Credit Card
6932,Cynthia Miller DVM,deborah57@example.net,Smartphone,17-08-2019,365,Ramirezport,COD
6779,Gina Nixon,jessica73@example.org,Smartphone,27-06-2020,97,South Sheila,UPI
3426,Garrett Taylor,areid@example.net,Wireless Headphones,05-12-2019,147,Zoestad,COD
1781,Samantha Thomas,madeline32@example.net,Wireless Headphones,03-03-2020,382,Mckenziemouth,UPI
1690,Timothy Fleming,ginamoss@example.org,Wireless Headphones,30-05-2020,370,New Mark,COD
6882,Patrick Gallegos,randallroberts@example.com,Portable Charger,21-10-2020,163,North Megan,Credit Card
9444,Andre Hardy,francodouglas@example.org,Smartphone,01-05-2021,104,Trevinoborough,Credit Card
4574,Kenneth Wang,huntanthony@example.com,Laptop Case,13-05-2023,335,Savannahberg,COD
9026,Matthew Gomez,roachkevin@example.org,Laptop Case,17-02-2018,498,Port Sarahborough,Credit Card
3865,Kelly Lopez,mwood@example.com,Laptop Case,12-03-2025,497,Harrisonchester,COD
5293,Michael Martinez,catherinemiller@example.net,Wireless Headphones,31-10-2017,379,Chungbury,COD
1210,Jenny White,daniellepatrick@example.org,Portable Charger,22-10-2022,382,Juliebury,UPI
3369,Amy Reyes,bcunningham@example.net,Portable Charger,18-08-2021,329,West Joshuaport,COD
7404,John Webb,bonillabeverly@example.net,Wireless Headphones,26-03-2017,136,Thomasville,COD
3815,Amanda Brown,carterrobin@example.org,Smartphone,06-02-2023,173,Stephanieberg,UPI
5418,John Kelly,dennis33@example.net,Laptop Case,04-08-2021,393,Janiceville,UPI
7047,Sharon Le,srice@example.org,Smartphone,05-07-2023,349,East Benjamintown,COD
3608,Charlotte Harrison,howard80@example.org,Wireless Headphones,04-12-2021,462,North Elizabethshire,UPI
3264,Jason Vaughn,sarah00@example.org,Wireless Headphones,16-06-2024,112,Armstrongport,UPI
9233,Evelyn Simpson,jsmith@example.net,Laptop Case,13-11-2019,188,South Ann,Credit Card
8206,Tammy Williams,leemichael@example.com,Smartphone,09-06-2019,107,Whiteview,COD
1128,Mariah Robles,david85@example.org,Wireless Headphones,06-08-2019,74,North Brenda,UPI
1041,Douglas Townsend,jessica12@example.net,Smartphone,12-08-2018,327,Rickyland,UPI
8355,Tracy Joseph,robert91@example.net,Smartphone,16-02-2018,224,South Kevintown,Credit Card
3860,Benjamin Patterson,stevenhenry@example.net,Laptop Case,14-12-2018,208,Huffmanhaven,COD
5529,Jody Knight,pfrost@example.com,Smartphone,15-03-2018,223,Haroldland,UPI
4238,Samantha Flowers,edward56@example.org,Wireless Headphones,27-07-2019,172,Garciatown,Credit Card
1732,Randall Lewis,sawyergina@example.com,Laptop Case,27-11-2024,471,North Kevinside,Credit Card
5993,Johnny Burns,jpierce@example.com,Portable Charger,02-05-2023,181,Port Toddmouth,Credit Card
6801,Ronald Carter,mlloyd@example.org,Laptop Case,11-09-2021,353,Jacobchester,UPI
2585,Scott Hardy,allison96@example.org,Smartphone,11-08-2018,353,Loweryfort,Credit Card
5601,Jose Armstrong,bjacobson@example.com,Laptop Case,25-02-2021,490,Port Annafort,UPI
3609,Aaron Simpson,xwatts@example.com,Laptop Case,18-10-2023,487,North Virginiaborough,COD
7621,Christina Jackson,christophergarza@example.org,Laptop Case,21-08-2017,25,New Patrick,UPI
1477,Lisa Paul,andrewmorgan@example.com,Smartphone,10-08-2017,359,Butlerbury,COD
8940,Vincent Dunn,haysmichelle@example.org,Wireless Headphones,12-12-2023,483,North Kristenchester,COD
7930,Jessica Martin,emily59@example.org,Smartphone,16-03-2022,477,East Michaelland,Credit Card
1936,Martin Hawkins,meredithpatel@example.net,Wireless Headphones,27-08-2022,147,Cliffordbury,UPI
2767,Sara Butler,williamsmichael@example.net,Laptop Case,10-12-2024,371,East Nicole,Credit Card
1718,David House,sylviawoods@example.net,Wireless Headphones,15-07-2023,404,North Daniellefort,UPI
9003,Nicholas Dunn,stephenlewis@example.com,Wireless Headphones,19-06-2017,223,East Ryanberg,COD
6835,Frances Mack,cgreen@example.com,Portable Charger,21-06-2018,361,Aaronville,Credit Card
5719,Raven King,brandon42@example.org,Wireless Headphones,09-04-2017,170,Brendastad,Credit Card
7734,Eileen Silva,jacquelinenelson@example.com,Portable Charger,16-08-2017,330,West Gregory,COD
1415,Edward Johnson,nancyedwards@example.net,Smartphone,08-01-2025,154,South Jessicaberg,Credit Card
1723,Cheryl Walker,sanchezedward@example.org,Wireless Headphones,18-01-2018,487,West Melissatown,UPI
5913,Carolyn Murray,jeffreynunez@example.net,Smartphone,23-11-2021,427,North Austin,COD
1111,Wesley Jones,michaelnielsen@example.com,Portable Charger,12-02-2017,168,New Samuel,COD
2218,Jeremy Lynch,whitemichelle@example.org,Wireless Headphones,16-08-2023,259,New Amy,Credit Card
1918,Patrick Murphy,josephdavis@example.com,Portable Charger,15-11-2023,251,South David,UPI
6557,Taylor Hampton,justinjohns@example.com,Smartphone,06-12-2017,113,East Laura,Credit Card
9681,Austin Owens,elizabethshah@example.net,Laptop Case,12-07-2021,233,Danaport,COD
9806,Kristy Brown,christina22@example.org,Wireless Headphones,14-08-2017,446,Jefferyview,UPI
8504,Melissa Gomez,shinton@example.org,Wireless Headphones,18-01-2021,463,West Dawnview,COD
6667,Richard Wilson,rebekah54@example.org,Wireless Headphones,20-01-2023,74,Lake Elizabeth,COD
2010,Emma Moreno,xtate@example.org,Smartphone,27-12-2021,360,Johnhaven,Credit Card
4990,Bruce Shaffer,lance16@example.net,Smartphone,25-12-2018,250,Lake Michaelville,UPI
9981,Ryan Cordova,curtis19@example.org,Laptop Case,07-05-2022,362,Alisonstad,Credit Card
8082,Jamie Hughes,codywalsh@example.org,Smartphone,24-03-2020,498,Lake Dennis,Credit Card
9759,Jason Martin,alexiscarroll@example.org,Smartphone,01-04-2024,116,West Wendymouth,Credit Card
7726,Gene White,wmartin@example.com,Smartphone,13-12-2019,283,Lisaside,COD
1126,Seth Ryan,bcobb@example.net,Laptop Case,25-09-2017,25,Lake Chaseville,Credit Card
6345,Emily Pace,hunterrichard@example.com,Wireless Headphones,28-11-2019,295,North Ginabury,UPI
4641,Crystal Hunter,bbass@example.net,Laptop Case,16-09-2023,47,Jacquelineland,COD
9556,Brandon Fisher,rosejessica@example.net,Wireless Headphones,27-12-2020,491,Peterside,UPI
6851,Chelsey Howard,jeffrey58@example.net,Smartphone,09-06-2021,450,Tylershire,Credit Card
3707,Michael Allen,vmorris@example.com,Laptop Case,10-09-2024,348,North Christopher,Credit Card
4595,Denise French,whitekristin@example.net,Laptop Case,13-12-2020,357,Port Christinachester,COD
1785,Emily Thomas,bwilliams@example.org,Laptop Case,03-01-2020,474,Rebeccafurt,UPI
5260,Wayne Harris,amandawiggins@example.net,Smartphone,25-01-2021,184,Thomasside,UPI
5333,Brenda Craig,kharrington@example.net,Laptop Case,11-03-2017,419,New Jackieborough,Credit Card
5571,Joseph Swanson,hortonrodney@example.com,Laptop Case,06-11-2020,356,Alexisfurt,UPI
2980,Jennifer Richardson,christopher36@example.net,Wireless Headphones,01-04-2017,22,Michaelchester,COD
4612,Darren Jackson,xhernandez@example.org,Smartphone,10-10-2024,22,Robertborough,UPI
4025,Laura Hanson,wendy32@example.net,Laptop Case,21-07-2021,264,Lake Whitney,UPI
9918,Sean Delgado,diana54@example.com,Laptop Case,20-08-2023,343,Durhamfort,Credit Card
4335,Tiffany Velasquez,tdaniels@example.net,Wireless Headphones,09-04-2017,384,East Sethview,Credit Card
2339,Laura Brown,brownmaria@example.com,Laptop Case,06-04-2018,325,Curtiston,UPI
7475,Catherine Figueroa,dbrown@example.net,Portable Charger,01-08-2021,380,Lake Carol,UPI
5812,Anthony Payne,liuanthony@example.com,Smartphone,06-12-2019,482,Margaretfurt,Credit Card
8249,Michael Green,jermaine08@example.org,Wireless Headphones,17-03-2020,342,East Rhonda,UPI
3574,Anthony Reed,timothy05@example.net,Wireless Headphones,13-06-2023,389,Jamieville,UPI
9617,Heather Evans,solisjeffery@example.com,Smartphone,13-12-2017,231,Justinchester,COD
5880,Julian Hall,hannahortiz@example.net,Smartphone,16-11-2022,399,South Nichole,UPI
3978,Alejandra Nelson,olivingston@example.org,Laptop Case,01-04-2021,218,Deborahshire,UPI
6637,Hannah Graham,wperry@example.com,Laptop Case,28-04-2017,185,North Jeremy,COD
7511,Rhonda Middleton,russell45@example.net,Smartphone,19-06-2024,442,East Marissa,Credit Card
9900,Charles Simon,caitlin06@example.net,Laptop Case,17-12-2024,72,North Katherine,Credit Card
4592,Danielle Gentry,normananthony@example.net,Portable Charger,13-06-2019,331,Jenningston,Credit Card
2880,Marc Krueger,michaelgates@example.org,Portable Charger,12-07-2022,351,North Kathryntown,Credit Card
6714,Barbara Martinez,john13@example.org,Portable Charger,12-05-2018,88,South William,Credit Card
8215,Angela Moore,emilythompson@example.com,Laptop Case,09-12-2018,349,South Thomaschester,COD
7860,Danielle French,connor51@example.com,Laptop Case,29-04-2024,358,Port Lisaville,UPI
4207,Robert Brown,diana24@example.org,Laptop Case,13-06-2019,125,West Meganton,UPI
8859,Destiny Peterson,fryejeffery@example.net,Smartphone,24-12-2018,345,South Tammie,Credit Card
2644,Ian Martinez,annabutler@example.com,Wireless Headphones,28-11-2019,244,Wrightburgh,COD
9979,Shari Franco,randolphkatherine@example.com,Smartphone,18-12-2021,301,West Anthonybury,COD
5853,Taylor Chan,xharris@example.org,Smartphone,02-09-2018,364,Port Ricky,UPI
4373,Jeffrey Edwards,debra77@example.com,Smartphone,15-04-2020,136,Stephanieville,UPI
5749,Brian Savage,ashleyhall@example.org,Portable Charger,22-06-2023,98,West Joshuaville,COD
8639,Shawn Wilson,sanfordalexis@example.org,Smartphone,18-09-2017,273,Port Emily,UPI
8897,Jeffery Baker,wrightstephanie@example.org,Wireless Headphones,07-09-2023,251,Duffyshire,UPI
4217,Pamela Gray,mirandagary@example.org,Smartphone,02-05-2024,328,Harristown,COD
5266,Guy David,patricksmith@example.org,Portable Charger,07-03-2018,492,West Adrianside,UPI
4226,Mark Wilkerson,wglover@example.com,Smartphone,02-11-2019,152,Lake Janefort,Credit Card
5273,Herbert Murillo,cynthiahart@example.com,Laptop Case,07-01-2025,120,West Kathleen,UPI
4266,Angel Wilson,roberto91@example.com,Laptop Case,18-03-2020,346,Port Susan,Credit Card
9193,Michael Smith,jaredwang@example.org,Laptop Case,26-09-2022,160,Lake Susan,Credit Card
1233,Dr. Kara Lewis,ksullivan@example.net,Laptop Case,26-05-2024,374,New Heather,COD
7537,Andrew Wilson,shall@example.com,Portable Charger,18-03-2018,288,West Micheal,UPI
3327,Kyle Gutierrez,hwalker@example.net,Smartphone,11-03-2021,468,North Jesse,UPI
9845,Austin Castillo,dorseybrenda@example.org,Portable Charger,18-02-2023,69,Port Patricia,UPI
1818,Michelle Morrow,gregory61@example.org,Laptop Case,31-01-2025,135,Port Steven,COD
8495,Marilyn Williams,marygreen@example.com,Portable Charger,29-09-2022,409,Ortizstad,COD
6956,Lisa Lawrence,figueroatammy@example.net,Portable Charger,17-01-2024,191,West Karinaside,COD
1204,Joshua Ruiz,lauren39@example.org,Portable Charger,11-07-2024,479,Port Susan,Credit Card
6222,Lance Walker,kellibaker@example.net,Laptop Case,19-12-2021,108,East Nicoletown,UPI
2914,Sharon Woods,mary69@example.net,Smartphone,04-06-2020,372,Jaredville,UPI
9698,Elizabeth Khan,brownchristina@example.com,Laptop Case,28-09-2022,269,New Melissaton,UPI
3070,Heather Reynolds,codycordova@example.net,Smartphone,19-04-2023,394,New Ronaldside,UPI
3380,Trevor Shaffer,travisashley@example.com,Smartphone,05-10-2023,276,Lucasborough,UPI
3308,Cheryl Mckee,martinnicholas@example.com,Wireless Headphones,07-05-2019,342,Barnesfort,COD
4092,Katelyn Vasquez,vegaholly@example.org,Smartphone,22-11-2019,481,Laurenbury,COD
5154,Taylor Lara,susan54@example.com,Laptop Case,23-12-2020,342,Robertsonland,UPI
5760,Daniel Schneider,elizabeth62@example.com,Smartphone,30-10-2023,91,Lindaside,UPI
6453,Ronald Velasquez,angelayates@example.com,Laptop Case,28-05-2024,253,West Victor,UPI
9572,Melissa Nolan,melissagonzalez@example.org,Wireless Headphones,24-01-2025,345,New Stacy,COD
2579,Kevin Rubio,dcook@example.net,Portable Charger,28-07-2018,313,Whitefurt,COD
4756,Sherry Washington,robinsonjessica@example.com,Laptop Case,27-10-2018,101,Mendezview,UPI
9843,Ana Perez,henry53@example.org,Smartphone,01-06-2020,254,Nelsonfurt,Credit Card
1082,William Cardenas,yvonne70@example.org,Laptop Case,29-04-2023,391,Courtneyfort,Credit Card
7856,Louis Coleman,rodriguezmelissa@example.org,Smartphone,25-03-2025,362,Harrisville,UPI
8740,Evan Liu,aliciaperez@example.net,Smartphone,03-04-2023,149,West Annaside,Credit Card
5870,Taylor Hunter,jacobschneider@example.com,Portable Charger,13-01-2017,323,Jesseport,Credit Card
2003,Shannon Thompson,leonardshawna@example.com,Portable Charger,20-08-2020,82,Dariusland,COD
1202,Diana Campbell,sarahwoods@example.com,Wireless Headphones,12-01-2025,195,Veronicamouth,COD
1794,Paula Morris,ehull@example.org,Portable Charger,20-11-2021,343,Susanview,UPI
6652,Carol Rich,williamwhite@example.org,Laptop Case,07-09-2021,348,North Cindyville,UPI
4710,Maria Macias,stephanie56@example.org,Laptop Case,01-11-2020,435,Port Linda,UPI
5380,Kimberly Simpson,gailblack@example.com,Smartphone,06-09-2019,142,East Jenniferland,UPI
6332,Janice Nguyen,pgarcia@example.org,Laptop Case,23-01-2021,152,Melanieton,COD
5217,Jason Young,gloria48@example.net,Laptop Case,05-08-2024,298,Markborough,Credit Card
4506,Anthony Clark,alexamays@example.com,Laptop Case,04-12-2019,265,Perezfort,Credit Card
5732,Zachary Martinez,brittanybarr@example.org,Smartphone,21-11-2017,146,North Tyler,UPI
4461,Joan Escobar,wardstephanie@example.com,Laptop Case,18-11-2020,310,Port Brittanyhaven,COD
4288,Nancy Morales,parmstrong@example.org,Portable Charger,12-10-2017,225,Jackberg,UPI
5543,Matthew Miller,nguyencurtis@example.net,Wireless Headphones,10-07-2021,112,Mcguireview,Credit Card
1367,Sara Fowler,xespinoza@example.net,Wireless Headphones,12-02-2020,391,New Michael,Credit Card
1906,Carrie Davis,perezdarrell@example.com,Smartphone,11-07-2021,35,West Michael,Credit Card
1133,Andrew Lowery,steve86@example.net,Wireless Headphones,09-11-2019,497,North Jamiebury,UPI
9474,Melinda Robertson,christopheraustin@example.net,Laptop Case,07-11-2024,82,Reginaldtown,Credit Card
9604,Zachary Jackson,john65@example.net,Portable Charger,17-02-2018,339,North Donna,Credit Card
4309,Carolyn Kennedy,xthompson@example.org,Smartphone,23-07-2019,257,East Melanie,Credit Card
5428,Jordan Hamilton,alexandrafoster@example.com,Portable Charger,08-09-2020,289,Campbellmouth,Credit Card
6704,Daniel Jacobs,brenda82@example.com,Portable Charger,21-04-2020,488,Angelaland,COD
5566,Christopher Jordan,fergusonlance@example.com,Smartphone,18-06-2021,132,North Christopherberg,Credit Card
1706,Brett Mitchell,simpsonbrandon@example.net,Smartphone,24-06-2019,254,West Robert,COD
5388,Susan Jones,pamela50@example.net,Smartphone,24-08-2019,101,Thorntonburgh,Credit Card
9775,Stacey Mcguire,eortiz@example.net,Portable Charger,02-09-2023,464,South Deborah,Credit Card
8807,Amy Blankenship,amy11@example.org,Wireless Headphones,24-12-2018,319,Port Chris,UPI
1901,Mary Gomez,zbrown@example.net,Laptop Case,15-11-2018,49,Lynnport,COD
2505,Lori Guzman,coxvincent@example.org,Smartphone,06-04-2019,100,West Peggychester,COD
4098,Dana Nelson,cookgregory@example.net,Laptop Case,30-09-2017,379,Hessstad,UPI
5938,Mary Lowery,phillipspaul@example.com,Laptop Case,18-01-2019,53,East Josephview,COD
9040,Tracy Pollard,apotter@example.net,Laptop Case,07-11-2020,450,Martinezton,COD
1382,Dr. Kevin Owens,zwheeler@example.net,Smartphone,20-03-2025,457,East Michael,Credit Card
1789,Daniel Clark,davidalvarez@example.com,Smartphone,17-09-2017,414,South Matthew,COD
1571,Mark Moon,johnny47@example.com,Portable Charger,14-07-2023,404,Port Matthew,COD
8792,David Gamble,barbarajefferson@example.net,Smartphone,14-07-2017,158,Kaylafort,Credit Card
6111,Justin Green,jeffreycastillo@example.org,Portable Charger,16-08-2020,63,Andreachester,UPI
9786,Brandi Martin,robertchristensen@example.com,Wireless Headphones,25-08-2017,459,Lopezchester,COD
5571,Joseph Bell,jeffrey39@example.org,Wireless Headphones,05-02-2017,204,Lake Sabrina,Credit Card
5300,Jessica Bryant,wesleyhenderson@example.org,Wireless Headphones,14-01-2022,112,New Dillon,Credit Card
1533,Kevin Joseph,ian99@example.com,Wireless Headphones,31-10-2019,214,East Stacie,Credit Card
9225,Kristin Newton,tabithafowler@example.com,Smartphone,01-02-2019,180,South Sethton,Credit Card
5810,Ralph Welch,anthonysanders@example.org,Wireless Headphones,18-08-2020,416,Adamport,Credit Card
6458,Nina Roberts,felicianguyen@example.com,Smartphone,11-08-2018,21,New Glennbury,COD
9511,Anita Gallagher,pbryant@example.com,Portable Charger,13-01-2025,227,Hodgeburgh,Credit Card
3342,Thomas Flynn,davidyoung@example.org,Wireless Headphones,05-06-2017,167,Lake Thomas,Credit Card
3836,Joshua Caldwell,hernandezkyle@example.org,Laptop Case,05-12-2023,179,Terrybury,COD
3079,Michael Lane,adavies@example.com,Laptop Case,09-07-2019,272,North Brentborough,Credit Card
5302,Denise Brown,vdoyle@example.org,Wireless Headphones,04-06-2017,85,Ruizport,Credit Card
1889,Laurie Robertson,codycunningham@example.com,Wireless Headphones,19-09-2017,473,New Jeffery,Credit Card
2288,Kristen Rice,morriscindy@example.org,Portable Charger,14-09-2020,358,New Ashleybury,COD
7298,Connor Barrett,vyoung@example.org,Laptop Case,25-01-2020,165,East Rodneymouth,UPI
5955,Sean Sullivan,sgaines@example.org,Portable Charger,29-06-2021,97,South Cynthia,Credit Card
3833,James Gillespie,audrey85@example.com,Wireless Headphones,28-12-2023,157,Millerville,COD
5578,Gregory Parker,jonathanpeck@example.org,Wireless Headphones,06-10-2019,382,Port Ashleyfurt,Credit Card
2550,Kyle Owen,shawn32@example.net,Wireless Headphones,28-03-2020,150,North Adrianfort,COD
4512,Aaron Wood,lbenjamin@example.com,Wireless Headphones,22-01-2023,166,Jacobshire,COD
1594,John Young,shannon12@example.com,Wireless Headphones,14-02-2024,366,East Mariaburgh,COD
9752,Alison Kelly,cynthia74@example.org,Portable Charger,28-01-2019,427,Raymondshire,COD
6717,Patricia Smith,deniseshelton@example.com,Wireless Headphones,10-01-2024,262,Port Sheila,UPI
1357,Seth Rivera,ycalhoun@example.net,Smartphone,14-11-2022,51,New Douglaston,Credit Card
3325,Morgan Hicks,matthew60@example.net,Smartphone,11-08-2024,112,New Wendy,COD
6170,George Miles,sandranelson@example.org,Wireless Headphones,14-01-2023,103,South Ashleyhaven,Credit Card
7789,Scott Carpenter,rkoch@example.net,Laptop Case,03-01-2021,239,Ronaldton,Credit Card
7716,Patricia Coffey,kevinthompson@example.org,Wireless Headphones,05-02-2023,146,New Ryanport,Credit Card
9713,Matthew Tucker,julieriley@example.net,Portable Charger,07-06-2023,436,Jacksonland,COD
2760,Karen Carroll,davistricia@example.org,Smartphone,18-07-2022,202,North Alexanderberg,Credit Card
1753,Megan Brewer,hsmith@example.net,Smartphone,10-07-2021,299,Valeriemouth,Credit Card
9579,Scott Hicks,woodwardtristan@example.org,Portable Charger,05-12-2022,286,Teresaburgh,COD
3783,Brendan Cooper,kevin05@example.org,Smartphone,28-10-2020,328,Port Amyhaven,COD
8845,Benjamin Dominguez,abigailcarson@example.com,Portable Charger,19-07-2024,279,New James,COD
6937,Richard Dodson,james18@example.net,Smartphone,06-05-2023,60,Lake Deannaland,COD
4434,Robert Jones,ydavis@example.com,Wireless Headphones,19-08-2021,53,South Jamesport,Credit Card
6933,Nicole Stone,christopherjohnson@example.net,Wireless Headphones,08-07-2022,402,West Sarah,COD
1020,Richard Brooks,christopher34@example.org,Wireless Headphones,23-05-2020,487,North Stephen,UPI
5490,Krista Sheppard,richard90@example.com,Wireless Headphones,15-08-2024,394,New Jennifertown,COD
4198,Mariah Michael,hannahsilva@example.org,Smartphone,21-12-2019,88,Jameschester,Credit Card
1440,Rodney Chambers,petersonmichelle@example.net,Wireless Headphones,01-02-2022,145,Crawfordbury,Credit Card
4254,Susan Burns,richard37@example.net,Portable Charger,14-03-2023,41,Port Christian,UPI
4300,Abigail Lopez,brian38@example.com,Laptop Case,26-09-2021,198,South Suzanne,UPI
5659,Carol King,david31@example.net,Laptop Case,11-01-2020,351,Greenport,COD
2959,James Kirby,stanleyalexis@example.org,Laptop Case,14-08-2022,26,South Ruthburgh,Credit Card
8439,Frederick Adams,qwashington@example.org,Portable Charger,16-12-2020,425,North Ryan,COD
8930,Jacob Stuart,qnelson@example.org,Portable Charger,14-09-2020,420,North John,Credit Card
4237,Elizabeth Cordova,kendra48@example.com,Wireless Headphones,02-01-2022,352,Montesshire,COD
5313,Cindy Harvey,ericaday@example.org,Laptop Case,02-01-2024,432,Port Bridget,Credit Card
2507,Christopher Decker,lisawood@example.org,Wireless Headphones,03-12-2021,376,Scottmouth,Credit Card
9237,Paul Gilbert,elizabethmoore@example.net,Smartphone,27-11-2017,474,Port Danabury,UPI
7664,Lance Miller,velasquezchristopher@example.org,Smartphone,16-10-2018,464,New Tylerborough,COD
8555,Mary Allen,linlisa@example.net,Laptop Case,28-01-2021,326,Grahamchester,Credit Card
7649,William Fletcher,brenda20@example.com,Portable Charger,05-02-2017,244,South Edwardborough,COD
2748,Tammy Mcgee,andersoncarlos@example.com,Laptop Case,20-05-2021,125,Courtneyhaven,UPI
8262,Jonathan Velazquez,pottermegan@example.net,Laptop Case,19-06-2019,338,Estesside,UPI
8677,Jasmin Anderson,kristi68@example.org,Wireless Headphones,19-03-2020,430,Grantchester,COD
9737,Frank Ross,rebecca24@example.org,Portable Charger,13-03-2020,145,Sharpchester,COD
1693,Lisa Elliott,mckenziejose@example.net,Portable Charger,06-01-2022,265,Robertshire,Credit Card
7980,Stephanie Scott,frenchderrick@example.org,Wireless Headphones,31-01-2020,137,North Ashleestad,COD
1160,Timothy Hanson,ohall@example.com,Laptop Case,26-06-2023,358,Swansonmouth,Credit Card
5913,John Browning,dbush@example.org,Wireless Headphones,03-03-2017,416,North Julia,Credit Card
2319,Judith Alvarez,sstewart@example.com,Wireless Headphones,23-09-2018,196,New Mary,COD
8939,Jennifer Johnston,christina84@example.com,Laptop Case,06-06-2017,368,Lucasborough,Credit Card
2664,Elizabeth Walker,bruce15@example.com,Wireless Headphones,12-02-2020,178,North Williamfort,UPI
7817,Bradley Williams,joshua29@example.net,Laptop Case,09-06-2022,354,Lake Christophermouth,COD
9176,Kimberly Mejia,bryananthony@example.org,Laptop Case,06-07-2021,233,Joseton,COD
6078,John Wilson,brandy13@example.org,Laptop Case,28-11-2022,301,Ramosfort,COD
7183,Breanna Cuevas,santiagomark@example.net,Portable Charger,25-12-2022,38,South Tinatown,Credit Card
7132,Valerie Braun,paulsmith@example.net,Wireless Headphones,11-01-2022,159,New William,COD
6762,Todd Davies,alejandrosmith@example.net,Smartphone,03-06-2020,130,Palmerchester,UPI
4919,Jimmy Stanley,christinebishop@example.com,Wireless Headphones,07-10-2020,295,Karamouth,UPI
1854,David Collins,marie75@example.net,Portable Charger,02-03-2024,348,Port Timothyburgh,Credit Card
9308,Juan Beck,dennisrosario@example.org,Smartphone,24-08-2023,362,North Kathleen,UPI
3751,Brandon Graves,joshua25@example.com,Smartphone,02-06-2021,263,South Tracy,COD
1951,Jennifer Thompson,ule@example.com,Laptop Case,01-12-2024,346,East Ashley,Credit Card
7529,Peter Reynolds,vmartin@example.net,Laptop Case,22-03-2018,161,West Ryanville,COD
7980,Patrick Ramos,fmartinez@example.com,Laptop Case,18-07-2024,157,New Tyler,UPI
8002,Daniel Conway,jacqueline06@example.net,Laptop Case,26-02-2021,465,Lake Angelahaven,UPI
7581,David Perez,cherrynathaniel@example.org,Portable Charger,13-02-2020,239,Ashleyfurt,UPI
4616,Terry Gonzales,brianobrien@example.org,Laptop Case,22-07-2023,317,New Ashleyberg,COD
8495,Chad Williams,tristan51@example.org,Wireless Headphones,17-02-2023,427,Aguirreport,Credit Card
1871,Jeremy Townsend,austinsmith@example.net,Smartphone,11-02-2021,499,Mitchelltown,COD
7115,Kelly Wilson,kellypoole@example.org,Wireless Headphones,19-02-2023,115,Port Brendaborough,Credit Card
2254,Elizabeth Morrow,gabriel43@example.org,Smartphone,07-06-2023,309,Bettymouth,COD
2774,Tyler Anderson,michellebanks@example.com,Laptop Case,08-08-2018,178,New Angela,Credit Card
4602,Angela Johnston MD,woneal@example.org,Smartphone,11-02-2017,409,Port Crystal,Credit Card
5042,Sarah Brennan,johnsonemily@example.net,Smartphone,19-02-2020,190,Lake Catherinetown,COD
9396,Jessica Mcdonald,harrisjoseph@example.com,Laptop Case,21-05-2024,209,Port Shannon,Credit Card
1979,Michelle Miller,kaiserduane@example.net,Portable Charger,17-08-2017,494,South Jessica,Credit Card
4132,Jennifer Hall,csullivan@example.net,Smartphone,31-05-2020,354,Annemouth,Credit Card
9434,Daniel Gonzales,scottnolan@example.com,Wireless Headphones,25-10-2020,465,East Daniel,COD
7918,Jason Lopez,deanna90@example.net,Laptop Case,19-06-2017,273,Lake Harold,UPI
1588,Jesse Jensen,aprilgonzales@example.com,Wireless Headphones,21-07-2020,311,North Johnview,UPI
8631,Sarah Newton,cookchristopher@example.org,Smartphone,11-08-2019,430,Kristinaport,UPI
8757,Robert Hernandez,ibarrabrittany@example.net,Laptop Case,06-07-2022,245,South Samanthastad,UPI
4510,Sean Good,garrett87@example.org,Portable Charger,08-02-2017,32,Riggsview,Credit Card
6820,Paul Pena,edwardfranklin@example.com,Wireless Headphones,12-08-2023,407,South Heatherville,Credit Card
5238,Dustin Ramirez,joshuabrooks@example.net,Laptop Case,03-08-2019,337,New Jasonside,Credit Card
9206,Gabriel Malone,abigail80@example.org,Laptop Case,20-07-2017,397,Byrdfurt,UPI
6355,Joshua Garcia,fernandezjeffrey@example.com,Smartphone,03-07-2022,30,Christopherbury,Credit Card
6099,April Hammond,thomas74@example.com,Laptop Case,21-12-2023,97,Samuelstad,UPI
6216,James Higgins,kimberlyprince@example.org,Smartphone,04-10-2024,30,South Evan,COD
4536,Kendra Mann,traciduke@example.org,Smartphone,16-07-2022,165,East Thomas,Credit Card
3789,Jeffrey Hernandez,shannon46@example.com,Wireless Headphones,18-11-2019,260,Port Michellestad,COD
1103,Daniel Terry,lbush@example.com,Laptop Case,06-08-2023,75,Rachaelmouth,Credit Card
7043,Jack Garcia,tmyers@example.org,Smartphone,30-05-2022,453,Evanborough,UPI
9449,Melvin Morris,todd06@example.net,Laptop Case,20-02-2023,486,Port Sharon,COD
2249,Catherine Friedman,blairjessica@example.net,Wireless Headphones,18-11-2023,407,Williamport,COD
3919,Jill Moore,garciaamber@example.org,Wireless Headphones,28-04-2024,143,Thompsonfort,UPI
2077,Keith Sawyer,thomasjones@example.net,Portable Charger,18-03-2018,309,West Michaelborough,UPI
7889,Jose Whitehead,williamskaren@example.com,Wireless Headphones,14-03-2021,462,Paulborough,Credit Card
5929,Katie Shaw,kimberlysmith@example.com,Wireless Headphones,12-10-2020,189,Pearsonfurt,Credit Card
6576,Casey Luna,brewerkathleen@example.com,Portable Charger,18-04-2020,231,Harrisside,COD
9489,Sydney Le,fcarpenter@example.net,Smartphone,11-02-2024,481,Port Jessicachester,UPI
4830,Greg Lane,chelsea17@example.net,Smartphone,15-04-2018,89,New Mary,Credit Card
1384,Jasmine Gillespie,alejandro96@example.org,Portable Charger,15-03-2017,477,Osbornebury,COD
9871,Melissa Vasquez,ujohnson@example.com,Portable Charger,30-10-2024,340,Kellietown,UPI
9012,Melissa Smith,martinronald@example.org,Smartphone,06-11-2023,342,Lake Marie,Credit Card
6511,Lindsay Krause DDS,wrightnathan@example.com,Wireless Headphones,29-04-2024,420,West Scotthaven,COD
3626,Alan Flores,christopherbanks@example.com,Smartphone,08-11-2024,144,West Jacobview,UPI
7495,Kathy Daniels,stephanie16@example.net,Laptop Case,28-09-2020,205,Carolynfurt,Credit Card
8874,James Lee,wayneramirez@example.org,Laptop Case,09-09-2018,457,Port Brandonberg,UPI
6792,Jason Garza,frazierbailey@example.com,Smartphone,17-08-2021,131,Coreybury,UPI
8166,Vincent Rodriguez,laura23@example.net,Wireless Headphones,13-11-2019,317,Lake Stevenshire,UPI
1390,Stephanie Gonzales,lindashelton@example.com,Portable Charger,06-02-2020,148,North Jeffreybury,UPI
5702,Joshua Roberts,mhill@example.net,Smartphone,09-12-2017,374,Tylerchester,UPI
3104,Elizabeth Simmons,justintaylor@example.org,Smartphone,20-11-2019,44,Joberg,COD
1484,John Rodriguez,austingary@example.com,Smartphone,03-02-2024,473,North Oscarburgh,COD
4679,Virginia Hernandez,sheilaelliott@example.net,Portable Charger,15-06-2024,266,New Juan,UPI
2836,Elizabeth Drake,johnsonsherry@example.com,Wireless Headphones,20-03-2024,83,Stacyberg,UPI
2579,Christopher Reyes,williamsroy@example.net,Laptop Case,15-11-2024,285,Jonfort,UPI
9638,Amanda Murphy,richard26@example.org,Wireless Headphones,23-11-2017,161,Aprilton,UPI
3751,Diane Clark,jcampbell@example.net,Laptop Case,22-01-2024,468,New Kyle,UPI
7617,Christina White,jdunn@example.org,Smartphone,29-04-2020,435,Rosariostad,Credit Card
9103,Melissa Moore,psoto@example.org,Wireless Headphones,21-10-2023,323,Lake Michael,COD
4023,Danielle Ochoa,smithbrooke@example.net,Smartphone,25-10-2019,158,Yuburgh,Credit Card
8762,Keith Lewis,thomasgreen@example.org,Laptop Case,02-04-2018,155,North Emily,UPI
2595,Diane Johnson,henry16@example.net,Portable Charger,21-04-2018,104,New Jefferyberg,UPI
5728,John Deleon,lee19@example.net,Laptop Case,02-01-2023,400,West Alex,UPI
6701,Darren Phillips,kcarrillo@example.com,Wireless Headphones,12-08-2020,173,Ayersshire,COD
5670,Justin Roman,lesliegonzalez@example.com,Laptop Case,13-07-2023,101,Fordmouth,COD
6984,Nicole Smith,scottwilliam@example.org,Smartphone,28-05-2019,242,Carolynmouth,Credit Card
4549,Jeffrey Chavez,paul93@example.net,Smartphone,14-06-2019,359,South Mariah,COD
7742,Troy Grant,ohanson@example.net,Wireless Headphones,27-06-2021,105,Clarkfort,COD
8503,Andrew Long,nicolas31@example.org,Smartphone,24-01-2020,475,Joshuashire,Credit Card
3716,Stephanie Roach,kelseyhayes@example.com,Wireless Headphones,14-04-2020,82,Derekstad,UPI
4920,Lisa Ramirez,qsalas@example.net,Wireless Headphones,10-05-2022,114,East Ann,COD
8895,Matthew Cannon,vasqueztracy@example.net,Portable Charger,06-08-2023,90,Julieland,UPI
8923,Mary Black,brandonharrison@example.net,Wireless Headphones,29-08-2021,71,Walkerberg,Credit Card
4280,Lisa Johnston,olee@example.com,Wireless Headphones,27-08-2024,474,Lake Tyler,Credit Card
8258,Michael Sutton,amy20@example.org,Smartphone,15-09-2019,132,Andrewmouth,Credit Card
6676,Teresa Silva,kritter@example.org,Wireless Headphones,14-06-2017,422,Robertview,COD
3645,Christopher Osborne,michael94@example.com,Laptop Case,01-08-2022,191,Jefferyville,Credit Card
9495,Jennifer Odonnell,emartin@example.net,Wireless Headphones,17-02-2018,85,Jessicahaven,UPI
1453,Thomas Parks,jorgebennett@example.net,Smartphone,21-06-2022,24,North Beverly,Credit Card
6691,Dwayne Freeman,patricia47@example.org,Portable Charger,20-06-2022,295,West Michael,UPI
4027,Shawn Johnson,lawrencedominic@example.org,Wireless Headphones,08-02-2019,42,South Christina,UPI
6894,Jennifer Craig,qboyle@example.com,Smartphone,04-07-2017,457,Jacobsfort,Credit Card
3059,Lisa Beltran,fgreer@example.com,Portable Charger,09-06-2021,391,East Jennifer,UPI
9707,Kellie Martinez,combsmonica@example.com,Portable Charger,13-01-2020,142,Nicolehaven,COD
8203,Peter Krause,becky80@example.net,Wireless Headphones,25-06-2024,213,Josephchester,Credit Card
9987,Rachel Torres,andreahiggins@example.com,Wireless Headphones,23-07-2018,361,Pamelaland,UPI
5040,Sean Shaw,traci31@example.org,Laptop Case,01-10-2020,246,Port Jacobfort,Credit Card
1016,Zachary Graves,april45@example.net,Smartphone,16-10-2023,347,Solishaven,COD
4865,Mary Oneal,kennethross@example.com,Wireless Headphones,15-05-2021,279,Yorkstad,UPI
3634,Crystal Ayala,richardreed@example.net,Smartphone,03-08-2020,464,Madisonville,Credit Card
9065,Julie Myers,manningjoel@example.com,Smartphone,31-03-2017,188,Brownfort,COD
6287,Jeffrey Martin,michellechristian@example.org,Laptop Case,15-11-2023,208,New Joann,Credit Card
7832,Tyler Davis,richard97@example.com,Portable Charger,10-10-2021,438,Taylorberg,COD
4569,Sarah Gibson,uayala@example.com,Laptop Case,22-01-2025,247,North Gregoryshire,Credit Card
4495,Timothy Crawford,austintyler@example.com,Portable Charger,28-11-2022,389,Reneeburgh,COD
3074,Annette Martinez,williamtate@example.org,Smartphone,15-01-2017,396,North Keith,UPI
7550,Ann Gill,valeriekane@example.org,Laptop Case,22-06-2018,105,Waltontown,Credit Card
1292,Elizabeth Osborn,xnelson@example.com,Portable Charger,03-09-2019,408,Mooreville,UPI
9110,Danielle Morales,stephaniepollard@example.org,Smartphone,11-04-2020,471,North Melinda,UPI
8286,Patty Perkins,jenniferdudley@example.net,Portable Charger,15-11-2022,494,Marybury,COD
7567,Tara Sullivan,lgonzalez@example.net,Wireless Headphones,04-06-2024,97,New Samantha,COD
1100,Jody Hooper,josephevans@example.com,Portable Charger,03-07-2018,69,Adriennefort,COD
2831,Melanie Terry,ppage@example.net,Wireless Headphones,23-06-2018,356,Port Elizabethburgh,COD
6579,Patricia Barnes,vanessamartinez@example.net,Smartphone,07-01-2025,177,New Angela,Credit Card
8130,Aaron Matthews,daniel73@example.org,Portable Charger,09-10-2022,479,Lake Connieside,Credit Card
6358,Joel Curtis,flee@example.com,Smartphone,18-07-2024,154,Port Emilyview,Credit Card
3262,Robert King,hammondjeffrey@example.com,Laptop Case,30-11-2022,285,Port Laura,COD
8133,Jerry Thomas,copelandcassandra@example.net,Laptop Case,11-10-2019,446,Herreraville,Credit Card
7572,Ashley Stewart,eskinner@example.net,Wireless Headphones,23-05-2018,438,Samuelport,UPI
5611,Sandra Tucker,sharon38@example.net,Smartphone,16-10-2018,272,North Ronald,Credit Card
1530,Duane Cameron,lauriewright@example.org,Laptop Case,21-09-2020,102,South Heather,COD
3071,John Stevens,ajones@example.net,Wireless Headphones,03-02-2022,328,Espinozaview,COD
8769,Felicia Garcia,andraderyan@example.org,Wireless Headphones,07-10-2019,447,Tiffanyfort,UPI
2350,Francisco Turner,elizabeth00@example.org,Wireless Headphones,02-05-2022,292,Burnettchester,COD
5830,Tara Kirby,trevor62@example.com,Portable Charger,21-08-2022,317,New Amanda,COD
3262,Christopher Fry,conleyamanda@example.org,Laptop Case,10-10-2019,447,North Abigailview,Credit Card
1750,Chad Klein,mgibson@example.org,Laptop Case,01-06-2022,333,West Christopherberg,Credit Card
7381,John Johnson,vbarnett@example.com,Smartphone,24-04-2019,93,East Kevinhaven,Credit Card
6060,Robert Ramirez,jasoncarr@example.net,Smartphone,16-11-2018,414,Anthonyside,Credit Card
5723,Jeanette Stevens,emontgomery@example.org,Portable Charger,15-12-2023,225,Port Steven,UPI
4480,Carol Graham,timothy52@example.com,Smartphone,17-06-2019,334,Stanleyshire,COD
2873,Mark Mckinney,jenniferromero@example.org,Portable Charger,28-09-2018,392,West Desiree,UPI
4450,Bradley Hall,jjohnson@example.org,Wireless Headphones,29-01-2023,457,South Katieberg,Credit Card
5066,Patricia Flores,wrightandrew@example.org,Smartphone,20-11-2019,80,Port Vanessa,Credit Card
2194,Darlene Keller,joseph61@example.com,Laptop Case,02-01-2020,432,West Rodney,COD
5935,Kenneth Alvarez,michaellowe@example.net,Smartphone,06-09-2023,482,Gonzalezhaven,UPI
4441,George Ramirez,bradley54@example.com,Portable Charger,26-07-2023,289,Michaelchester,UPI
3811,Dustin Barrett,bryce62@example.com,Laptop Case,27-02-2018,469,South Christopher,COD
6334,Theresa Oconnor,patrickhenson@example.net,Smartphone,02-03-2019,151,North Michael,UPI
5531,Nicholas Ray,dspencer@example.org,Portable Charger,21-02-2022,108,New Coleborough,COD
9602,Scott Peterson,hollysanders@example.com,Portable Charger,15-10-2023,383,East Beth,Credit Card
6994,Jesus Williams,thompsonchelsea@example.org,Smartphone,04-11-2021,149,Torresport,COD
6432,Brandon Boyd,ppeters@example.org,Smartphone,13-08-2018,172,Moralesberg,COD
9511,Jose Martinez,barkerlisa@example.net,Smartphone,23-09-2022,389,Williambury,UPI
3541,Kimberly Li,cvelazquez@example.net,Portable Charger,24-02-2022,447,Hallchester,Credit Card
8638,John Liu,rnixon@example.org,Wireless Headphones,30-01-2021,190,New Bradmouth,UPI
1949,Stacey Gates,renee16@example.net,Smartphone,06-07-2023,325,North Johnstad,UPI
2202,Denise Hansen,dgreen@example.org,Wireless Headphones,28-04-2020,154,Lake Jessica,UPI
5543,Jeffrey Smith,cynthiahayden@example.net,Smartphone,10-07-2023,358,East Erikaberg,Credit Card
8826,Emily Bryant,burnettjackson@example.org,Laptop Case,15-03-2017,81,Lake Jasonton,Credit Card
6877,Carlos Doyle,maria49@example.org,Portable Charger,18-09-2020,437,South Janet,UPI
6383,Donald Ferguson,taylorsteven@example.com,Wireless Headphones,07-02-2023,301,West Sarahaven,COD
5113,John Thomas,savannah34@example.org,Laptop Case,08-02-2024,97,Lake Jaredshire,COD
2732,Craig Todd,tracey03@example.net,Laptop Case,20-10-2018,282,East Lisaborough,COD
1036,Scott Robbins,moralesjustin@example.net,Portable Charger,25-06-2018,460,West Elizabeth,Credit Card
3900,Jack Jackson,coxmichelle@example.org,Laptop Case,25-06-2017,364,Port Briannachester,COD
2227,Tammie King,jonesmatthew@example.org,Laptop Case,22-01-2023,378,East Matthewland,COD
7050,Michael Douglas,mcdowellshawn@example.com,Portable Charger,27-11-2020,195,Alyssaburgh,Credit Card
2911,Richard Hopkins,slee@example.com,Portable Charger,16-04-2022,415,New Jose,Credit Card
7416,Renee Woods,upatterson@example.net,Laptop Case,04-03-2019,257,Harrisonside,UPI
1053,Jessica Hall,heather20@example.org,Portable Charger,04-03-2017,437,East Rebeccaside,UPI
5194,Theresa Perez,nicole96@example.com,Wireless Headphones,14-11-2017,23,Port Ashley,Credit Card
7877,Melanie Evans,donnacarter@example.org,Laptop Case,22-08-2019,316,East Hollytown,COD
8067,Gail Ballard,kenneth70@example.org,Portable Charger,07-08-2018,61,South Jordan,UPI
4122,Taylor Coleman,stephaniebailey@example.com,Wireless Headphones,16-09-2022,307,Port Ariel,COD
4887,William Lopez,brittanygordon@example.org,Laptop Case,24-08-2024,303,Port Connie,UPI
5562,James Fowler,marknguyen@example.com,Smartphone,22-03-2021,91,West Lindamouth,UPI
8649,Shannon Knight,victoriagonzalez@example.net,Wireless Headphones,14-03-2019,196,Portertown,Credit Card
3258,Walter Conner,jay15@example.com,Laptop Case,24-02-2020,212,Thompsonberg,Credit Card
6256,Matthew Lyons,richard23@example.com,Laptop Case,10-06-2017,190,Millerton,UPI
1357,Dustin Mcintyre,james73@example.net,Wireless Headphones,16-04-2019,192,Heatherfort,Credit Card
6281,Leslie Villa,jaredsimon@example.net,Smartphone,05-04-2022,25,Ryanville,UPI
9179,Joel Stewart,ibenjamin@example.net,Wireless Headphones,15-02-2020,197,Harrisborough,Credit Card
1477,Philip Powell,xellis@example.com,Portable Charger,01-08-2023,185,North Christine,UPI
2178,Christopher Wilson,whitakerwilliam@example.com,Smartphone,11-10-2019,344,Odonnellstad,COD
3098,Brian Nichols,elizabethromero@example.org,Portable Charger,03-10-2022,295,East Jillberg,Credit Card
3193,Glenda Jordan,ymccormick@example.org,Smartphone,27-01-2023,120,Perezborough,Credit Card
4690,Jonathon Richardson,lopeztracey@example.com,Smartphone,22-10-2022,409,Tamarahaven,Credit Card
5631,Manuel Powell,vlevine@example.com,Laptop Case,09-09-2018,147,Lisaview,COD
3246,Michael King,tuckerjoel@example.org,Smartphone,06-10-2018,52,Wrightview,UPI
9601,James Holden,goodmanronald@example.org,Wireless Headphones,13-08-2017,172,Alyssaberg,UPI
8686,Shaun Simmons,cnovak@example.net,Portable Charger,16-10-2018,372,New Richardview,COD
2168,George Perkins,masoncynthia@example.org,Portable Charger,03-11-2021,377,Bryantborough,UPI
9082,Keith Pierce,patkinson@example.net,Smartphone,03-08-2020,224,Michelleville,Credit Card
7441,Jamie Bell,joseph52@example.org,Smartphone,22-10-2021,413,West Victoria,COD
9882,Monica Skinner,jeremyrios@example.net,Wireless Headphones,22-12-2019,459,West Nancybury,COD
8679,Tracey Calderon,ezimmerman@example.com,Smartphone,09-07-2018,460,Dennisport,COD
4005,Monica Johnson,connie81@example.org,Portable Charger,14-07-2023,93,South Richard,Credit Card
6893,Jonathan Anderson,allisonmoore@example.org,Smartphone,20-04-2018,26,Chadchester,Credit Card
3453,Nicholas Barker,chad18@example.org,Portable Charger,26-08-2021,197,West Oscar,Credit Card
1393,Dalton Mcknight,nicholehardy@example.com,Wireless Headphones,27-03-2020,294,East Jessicafurt,UPI
4588,Jay Mckee,slawson@example.org,Portable Charger,06-04-2024,132,Aprilview,UPI
5318,Michele Montgomery,milesdonald@example.net,Smartphone,03-03-2017,137,Butlerview,Credit Card
7101,Anthony Norman,stewartjessica@example.com,Laptop Case,01-03-2020,135,North Scottbury,COD
5643,Timothy Johnson,emilyvargas@example.net,Smartphone,30-12-2022,218,West Ashley,Credit Card
1523,Scott Dorsey,paulanderson@example.org,Smartphone,07-07-2017,472,Robertview,COD
7499,Alex Nguyen,thomasbryant@example.net,Laptop Case,30-10-2020,338,North Devinfort,UPI
7080,Bryan Elliott,nancy75@example.net,Portable Charger,30-09-2017,54,South Briannafort,UPI
6224,Haley Jackson,jonesdana@example.org,Portable Charger,06-05-2024,228,Anthonyshire,UPI
1576,Dustin Johnson,shuber@example.com,Portable Charger,14-02-2017,391,Alexandershire,Credit Card
1000,Latasha Reed,zavalasean@example.com,Portable Charger,02-02-2019,414,South Kathleenland,COD
2280,Maureen Jones,daniel92@example.org,Smartphone,21-12-2018,428,Reyesport,COD
4602,Charles Wood,fordalan@example.net,Smartphone,24-02-2022,483,Lauraborough,Credit Card
3864,Christopher Gray,tellison@example.com,Laptop Case,11-10-2024,188,Lake Kevinville,COD
1413,Amanda Preston,steelejoanna@example.net,Laptop Case,04-01-2020,36,Ronaldfurt,UPI
8525,Angela Strong,robertskristina@example.org,Smartphone,13-05-2024,100,Lozanoberg,UPI
1785,Bradley Cuevas,davidmcgrath@example.com,Smartphone,24-01-2025,186,Donaldstad,UPI
6471,Claudia Monroe,matthew51@example.com,Portable Charger,04-01-2020,409,Tracyville,Credit Card
8341,Sandra English,samantha27@example.net,Portable Charger,14-08-2019,391,Angelatown,COD
7868,Vanessa Bright,tylerreynolds@example.com,Smartphone,29-03-2023,297,Port Keithland,UPI
8385,Katherine Rodriguez,kentkimberly@example.org,Wireless Headphones,25-10-2024,319,Lake Heather,COD
4054,Monica Douglas,vincentrobert@example.org,Smartphone,03-04-2017,188,South Michaelfort,Credit Card
1339,Breanna Ali,jonesjohn@example.com,Wireless Headphones,11-06-2017,344,Scottmouth,Credit Card
4573,Robert Murray,cwheeler@example.org,Smartphone,22-09-2023,191,East Patrickview,COD
9909,Tina Boyer,stewartheidi@example.org,Wireless Headphones,27-04-2017,36,Oliviamouth,UPI
3795,Julia Ryan,prhodes@example.org,Wireless Headphones,25-07-2024,24,Joshuahaven,COD
9715,Cynthia Smith MD,teresa14@example.org,Portable Charger,28-03-2017,302,Francesport,UPI
4589,Ashley Powers,cookallison@example.net,Wireless Headphones,14-08-2018,413,New Darrylland,UPI
1512,Brandy Beasley,daniel88@example.net,Smartphone,06-07-2019,284,Ryanfort,COD
6375,Daniel Smith,robertrobinson@example.net,Portable Charger,13-12-2019,482,Christophermouth,Credit Card
7947,Megan Savage,vaughnjon@example.com,Laptop Case,12-10-2021,498,Jessicabury,Credit Card
2102,Gail Lawrence,brownvictor@example.net,Smartphone,14-12-2019,440,Port John,Credit Card
1833,Justin Sanders,jillduke@example.net,Smartphone,07-08-2017,108,Thomasview,COD
9446,Calvin Edwards,riveratyler@example.com,Wireless Headphones,07-02-2022,213,Port Jamesland,Credit Card
9250,Jill Wilkinson,chloeroberts@example.com,Wireless Headphones,07-06-2022,348,West Davidshire,UPI
6778,Anne Thompson,dillonwatts@example.net,Portable Charger,14-10-2018,334,North Katherine,Credit Card
2786,Mike Snyder,mathewshort@example.org,Laptop Case,08-04-2021,236,Bradleyborough,UPI
4247,Cassidy Lewis,dylan76@example.org,Smartphone,20-02-2025,357,East Josephton,COD
1039,James Werner,gcook@example.com,Laptop Case,20-03-2020,263,North Sean,COD
9827,Sherry Kent,gregoryphillips@example.net,Wireless Headphones,05-08-2023,179,Garzaberg,Credit Card
4890,Jacqueline Griffin,steven39@example.com,Wireless Headphones,17-05-2018,341,South Steven,COD
8416,James Jones,ckemp@example.net,Laptop Case,08-03-2021,284,South Bradley,UPI
1601,Rebecca Potter,katherine03@example.org,Portable Charger,16-06-2018,152,Michelleport,UPI
6117,Jimmy Stokes,eddieaguilar@example.net,Wireless Headphones,01-06-2017,221,Port Stephen,Credit Card
8502,Lee Mitchell,christopherramirez@example.com,Laptop Case,30-01-2021,485,Bauerfort,Credit Card
7692,Richard Schultz,christinemontgomery@example.net,Wireless Headphones,28-05-2024,404,Chavezfurt,UPI
8138,Melanie Lopez,robbinsstephen@example.org,Wireless Headphones,01-06-2017,299,Lake Rebecca,UPI
4135,Melissa Rich,shelly40@example.net,Smartphone,09-07-2022,256,Thomasmouth,COD
4755,Jeffrey Hawkins,william24@example.com,Laptop Case,11-09-2020,372,North Aaronberg,UPI
4235,Terri Kelly,michellecoffey@example.net,Portable Charger,02-06-2021,26,Lake Jessica,UPI
4669,Mark Green,awalker@example.com,Laptop Case,04-04-2021,416,Adkinschester,COD
6994,Ashley Strickland,nathanielfloyd@example.net,Laptop Case,09-01-2019,167,East Mark,UPI
2167,Morgan Smith,lorimoss@example.com,Laptop Case,02-10-2021,287,Lindaberg,Credit Card
6647,Pamela Clayton,lsnyder@example.org,Laptop Case,30-08-2024,381,Lake Stacie,UPI
9597,Christine Fuller,kbernard@example.net,Portable Charger,18-05-2023,34,Parrishfurt,Credit Card
9205,James Kim,vbush@example.org,Wireless Headphones,30-12-2024,340,Carrollchester,UPI
1914,Jacqueline Martin,christopherwilliams@example.com,Laptop Case,01-03-2017,34,New James,Credit Card
6315,Margaret Miller,maxwellhelen@example.org,Laptop Case,28-09-2017,399,South Jeremiah,COD
2068,Cynthia Hill,johnsonjason@example.net,Portable Charger,24-10-2017,94,Julieside,UPI
8984,Robert Weber,susanallen@example.net,Smartphone,15-03-2024,245,North John,UPI
3145,Peggy Henry,amberjordan@example.net,Wireless Headphones,10-01-2021,440,Scottberg,UPI
2214,Denise Williams,jonfry@example.com,Wireless Headphones,22-09-2017,140,Diazborough,COD
3963,Katherine Johnson,lindafisher@example.org,Wireless Headphones,07-12-2019,28,Johnville,UPI
3732,David Hill,pwilliams@example.com,Wireless Headphones,17-03-2025,487,Diamondland,Credit Card
9721,David Burns,jenniferschaefer@example.net,Wireless Headphones,14-02-2018,101,Seanchester,UPI
4283,Sean Harris,paigerowland@example.com,Laptop Case,27-06-2019,55,North Peterport,Credit Card
2648,Steven Foster,matthewbush@example.com,Laptop Case,18-01-2018,419,Victorton,Credit Card
4701,Melissa Davis,robertfowler@example.com,Laptop Case,16-09-2021,371,Port Jasonville,COD
5915,Diana Cabrera,omyers@example.net,Wireless Headphones,09-05-2017,300,Kellyberg,Credit Card
2020,Kimberly Burnett,sharonthompson@example.net,Wireless Headphones,01-08-2023,314,Lake Chelsea,Credit Card
2244,Dawn Brooks,elizabeth53@example.org,Portable Charger,14-12-2024,80,Port Andrew,Credit Card
6523,Angelica Johnson,swansonroy@example.com,Wireless Headphones,13-09-2023,239,Port Latoyahaven,Credit Card
4093,Kathryn Shannon,davidsanchez@example.net,Portable Charger,09-06-2017,118,Longhaven,UPI
8119,Manuel Phillips,hawkinsalison@example.net,Smartphone,06-03-2019,266,Port Brianville,COD
6420,Ronald Brown,scottkimberly@example.com,Laptop Case,31-08-2018,267,East Pamport,Credit Card
1694,Sharon Allen,hughesanthony@example.net,Wireless Headphones,17-07-2018,159,Lake Jasonchester,Credit Card
7841,Andrea White,howelllisa@example.org,Portable Charger,19-12-2021,325,Port Kimberlyberg,UPI
6167,Jessica Morales,qwilliams@example.org,Smartphone,20-07-2019,385,New Emilyshire,COD
3790,Nathaniel Mckinney,kevin65@example.net,Smartphone,26-09-2023,374,New Ritastad,UPI
9414,Melissa Mitchell,kennedysara@example.com,Portable Charger,13-02-2023,350,Port Timothy,COD
5156,Tammy Carlson,ihutchinson@example.org,Smartphone,23-06-2020,174,Trevorfort,UPI
9196,Daisy Conrad,ronald40@example.com,Laptop Case,04-09-2023,54,Newtonstad,Credit Card
5082,Jason Hill,johnwilkinson@example.com,Laptop Case,17-07-2024,204,Paulhaven,UPI
7702,Amanda Haynes,janicecarpenter@example.net,Laptop Case,28-10-2019,153,South Danielview,UPI
7072,Todd Hudson,whitakertina@example.net,Smartphone,15-05-2024,310,Smithmouth,Credit Card
3576,Devin Benson,xrichardson@example.org,Portable Charger,15-06-2018,34,North Kelly,COD
1874,Anthony Juarez,andrewdaniels@example.net,Wireless Headphones,21-11-2024,445,South Ashleystad,COD
9262,Julie Lopez,brittanynavarro@example.net,Wireless Headphones,21-12-2019,232,Sabrinaburgh,Credit Card
4713,Russell Lane,zacharypatrick@example.com,Wireless Headphones,26-10-2023,304,East Angelica,Credit Card
4009,Daniel Lopez,tthompson@example.net,Wireless Headphones,04-01-2025,448,Maryland,COD
1574,Damon Miller,znorman@example.net,Smartphone,06-10-2021,380,North Haleybury,COD
5722,Daniel Roberts,christiandaniel@example.net,Portable Charger,11-12-2023,346,Lopezchester,COD
3489,Kimberly Foster,jenkinsalexandra@example.net,Smartphone,21-09-2020,452,North Charlotte,UPI
7923,Amanda Martin,steven32@example.org,Wireless Headphones,22-01-2021,152,Osbornehaven,UPI
8095,Sarah Sandoval,bauerbobby@example.net,Wireless Headphones,08-10-2020,276,North Caitlin,UPI
3221,Wanda Marshall,maciasgeorge@example.com,Laptop Case,16-06-2024,491,Larsenshire,Credit Card
6195,Sandra Burns,danielfox@example.org,Laptop Case,21-09-2018,328,Lake Markfurt,UPI
1739,Jennifer Velez,vcollier@example.com,Wireless Headphones,16-03-2023,422,Lake Dustin,UPI
7274,Mark Crawford,patrick88@example.com,Laptop Case,03-11-2018,467,North Annetteview,Credit Card
4939,Frank Pierce,johnwolf@example.org,Laptop Case,15-09-2021,443,Kristiebury,UPI
1277,Crystal Larson,brucedavid@example.org,Laptop Case,30-03-2017,52,South Scottside,UPI
2788,Howard Deleon,rose66@example.com,Wireless Headphones,22-02-2022,88,South Michael,Credit Card
4482,Brendan Duran MD,dsmith@example.org,Smartphone,17-02-2019,158,Johnsonchester,Credit Card
9800,Daniel Vasquez,josephjames@example.com,Wireless Headphones,06-07-2022,39,Stewartton,Credit Card
4659,Michael Park,lmoran@example.net,Portable Charger,08-04-2019,251,New Wesleystad,Credit Card
7179,Thomas Durham,dyoung@example.com,Portable Charger,27-09-2023,280,Mataside,Credit Card
1099,Aaron Flowers,ysanchez@example.com,Laptop Case,30-07-2020,33,Owensview,Credit Card
7921,Erin Jones,derrickstephens@example.org,Laptop Case,17-11-2022,127,North James,Credit Card
6141,Matthew Dominguez,catherinetyler@example.com,Portable Charger,29-12-2019,391,Gutierrezfort,COD
9871,Crystal Klein,jjackson@example.net,Laptop Case,07-01-2021,429,South Beth,UPI
6227,Kirsten Morales,juliecortez@example.com,Laptop Case,19-03-2025,253,Juliefurt,Credit Card
7251,Shelley Harris,michellemccarthy@example.net,Laptop Case,13-08-2020,48,Annaborough,UPI
8925,Christina Harris,mcbridepatrick@example.com,Portable Charger,25-12-2019,195,North Julie,UPI
4092,Christian Wilson,brandon94@example.net,Laptop Case,29-09-2017,469,South Andrew,Credit Card
2864,Lindsey Quinn,nicolemiller@example.org,Portable Charger,01-11-2020,182,Theresafort,UPI
7673,Jorge Burke,johnsonjonathan@example.org,Laptop Case,24-05-2021,479,East Danport,Credit Card
2379,Thomas Zimmerman,kennedyandrew@example.net,Laptop Case,08-07-2020,146,Lake Bryanshire,Credit Card
4978,Taylor Smith,jeffreywoodward@example.org,Smartphone,17-04-2024,441,Port Hollymouth,Credit Card
2206,Erica Smith,robert12@example.net,Laptop Case,28-04-2023,239,Petersonhaven,Credit Card
9202,Jade Hogan,watsonsandra@example.net,Laptop Case,12-03-2021,334,Christopherborough,COD
7061,Michael Humphrey,maria34@example.com,Wireless Headphones,25-03-2018,321,Lake Carlosfort,Credit Card
9453,Richard Wilson,tramirez@example.com,Portable Charger,27-01-2024,327,East Emmaport,UPI
4474,Darlene Taylor,eric73@example.net,Wireless Headphones,29-04-2020,76,North Amyville,COD
6176,Jessica Baldwin,philipwhitehead@example.net,Wireless Headphones,01-01-2018,450,Coleville,COD
7866,Jeremiah Melton,michaelreyes@example.org,Portable Charger,10-12-2018,488,West Kelly,Credit Card
2205,Mr. Sean Wallace,maurice68@example.com,Smartphone,29-06-2017,178,Cassandrafort,UPI
8248,Laura Ramos,terryalexander@example.net,Portable Charger,10-10-2024,326,Andersonhaven,UPI
8152,Paul Brown,christinegill@example.com,Portable Charger,06-04-2020,412,Lake Jacobmouth,COD
1241,Jessica Ortiz,wendyrogers@example.org,Portable Charger,20-02-2022,94,New Emily,Credit Card
9837,Elizabeth Christensen,mendezcraig@example.net,Smartphone,17-02-2025,93,New Olivia,COD
4033,Judy Wood,fordstephanie@example.org,Portable Charger,06-04-2019,199,Hendrixburgh,UPI
1883,Catherine Thompson,kirkedwards@example.org,Wireless Headphones,12-03-2020,71,North Brandon,UPI
5798,Brian Fowler,jonathanjohnson@example.org,Portable Charger,09-06-2018,111,Franklinville,COD
9834,Mariah Cooley DDS,dgray@example.org,Wireless Headphones,24-07-2019,241,South Michaelville,COD
5443,Susan Payne,rbarber@example.com,Wireless Headphones,30-06-2018,354,Carlchester,COD
1162,Jennifer Morgan,mgolden@example.net,Wireless Headphones,08-03-2020,499,West Brian,COD
5835,Cynthia Barrett,rhondamartinez@example.com,Wireless Headphones,05-10-2021,407,Yangmouth,UPI
9642,Krista Cross,psutton@example.net,Smartphone,31-05-2024,240,Kristineburgh,COD
1247,Laurie Phillips,scottbrown@example.org,Laptop Case,16-02-2018,43,Ronaldhaven,COD
1933,Calvin Johnson,dlester@example.org,Laptop Case,12-09-2020,121,Jasonchester,Credit Card
3369,Julie Richardson,melaniewilliams@example.net,Wireless Headphones,15-12-2021,397,Heatherburgh,COD
6488,Jessica Park,xmorris@example.com,Wireless Headphones,07-04-2017,109,Mollyburgh,COD
2964,Laura Gonzalez,kimberlyadams@example.com,Portable Charger,31-01-2017,414,South Angelahaven,COD
3615,Caitlin Pittman,mccoyabigail@example.org,Portable Charger,01-12-2017,114,North Cody,UPI
4178,Lori Small,medinadavid@example.com,Laptop Case,18-04-2020,251,Lake Jacobmouth,COD
9331,Rebecca Strickland,rogermalone@example.net,Smartphone,14-08-2020,251,Port Calebstad,COD
3174,David Porter,mschmidt@example.com,Portable Charger,30-11-2024,65,Ginachester,COD
8514,Haley Blevins,mooneysara@example.net,Smartphone,15-03-2023,87,New James,UPI
9438,Mary Leon,reevessean@example.com,Smartphone,03-03-2024,426,Graychester,UPI
3171,Juan Hill,garciasteven@example.com,Portable Charger,25-01-2023,25,Lake Cassandraside,COD
3060,Grace Morrison,matthew15@example.net,Laptop Case,25-03-2019,396,New Davidport,UPI
8497,Wayne Bell,kelleyandrew@example.org,Portable Charger,06-03-2025,117,North Thomas,COD
5486,Melissa Bowers,holmesmichelle@example.com,Wireless Headphones,29-03-2024,181,New Eric,COD
4426,Heather Carroll,jweeks@example.org,Portable Charger,02-03-2018,52,New Janicehaven,COD
4769,Hannah Miller,anthony54@example.net,Smartphone,17-05-2020,419,Amandafurt,UPI
5473,Jacqueline Hess MD,ihuerta@example.com,Laptop Case,28-05-2023,27,Smithchester,COD
1168,William Crawford,briggssarah@example.org,Portable Charger,17-08-2020,220,Burkefurt,COD
7215,Brandon Myers,pdelgado@example.org,Wireless Headphones,25-09-2017,186,Jenniferland,COD
8393,Jonathan Moore,marcrubio@example.net,Portable Charger,08-09-2023,150,Lake Johnnyport,UPI
4822,Michael Stone,theresa17@example.com,Laptop Case,22-01-2024,483,Markburgh,Credit Card
7441,Gabriel Murphy,gibsonrachel@example.org,Laptop Case,06-03-2023,350,Costafurt,Credit Card
2488,Christy Perez,ppatterson@example.net,Smartphone,14-01-2017,32,Crystalport,UPI
9010,Kristen Garcia,amy42@example.com,Laptop Case,22-12-2019,441,New Kyle,COD
6210,Margaret Carroll,parkerlouis@example.net,Smartphone,11-10-2024,465,Greenport,COD
9532,Donna Vasquez,joshua07@example.org,Wireless Headphones,24-12-2022,356,Reyesshire,UPI
7903,Jennifer Blevins,vmclaughlin@example.org,Wireless Headphones,18-06-2023,423,South Steven,UPI
5039,Monica Lewis,ellisjennifer@example.net,Wireless Headphones,18-07-2023,210,Kellychester,Credit Card
4625,Kendra Butler,ashleyholland@example.com,Smartphone,28-09-2022,87,New Lindatown,COD
4829,Angela Thompson,kayla80@example.com,Portable Charger,30-09-2024,149,Paulaport,Credit Card
6264,Jared Potter,monicadean@example.org,Portable Charger,08-03-2019,408,East William,COD
3357,Matthew Miller,lforbes@example.com,Wireless Headphones,29-02-2024,387,West Amyside,COD
6936,Joseph Arnold,edwardsdavid@example.com,Wireless Headphones,10-05-2019,273,New Brittanyshire,UPI
9050,April Ellis,dustinsantos@example.com,Laptop Case,02-03-2024,429,Frankburgh,Credit Card
8929,Krystal Howard,schwartzlaura@example.com,Wireless Headphones,07-07-2019,38,New Donaldville,UPI
6235,William Vaughan,gtorres@example.com,Smartphone,24-09-2021,297,East Samuel,COD
1711,Cynthia Mcdonald,bsmith@example.org,Laptop Case,12-07-2023,160,Lake Susan,COD
8150,Sonya Zuniga,tara09@example.com,Smartphone,04-03-2017,311,North Larry,UPI
1868,Loretta Thomas,taylor68@example.org,Smartphone,10-12-2018,200,West Scott,Credit Card
6027,Katrina Mcguire,ihines@example.net,Smartphone,26-11-2024,380,East John,COD
9744,Kelly Nguyen,michelle95@example.org,Wireless Headphones,26-06-2017,441,Port Mackenzieshire,UPI
3404,William Faulkner,hterry@example.org,Portable Charger,02-11-2023,461,Lake Ralphville,UPI
3059,Timothy Allison,evansjames@example.org,Laptop Case,17-02-2020,430,South Billyhaven,COD
5947,Nicholas Winters,foleymark@example.net,Wireless Headphones,16-04-2021,151,Tabithaton,Credit Card
5085,Caitlyn Solomon,christinamoran@example.org,Wireless Headphones,13-12-2017,259,Markville,COD
9052,Erin Howard,sflores@example.net,Wireless Headphones,03-08-2021,79,Williamstad,Credit Card
8163,Barbara Mills,todd46@example.org,Wireless Headphones,21-10-2017,471,Tommyview,Credit Card
6836,John Murphy,bcastillo@example.com,Laptop Case,15-12-2019,343,Mortonport,COD
2009,Christopher Simpson,christinelang@example.org,Wireless Headphones,10-06-2017,309,Tonyastad,COD
7764,David Douglas,qprince@example.com,Wireless Headphones,07-02-2025,50,South Jesseton,COD
7819,Patricia Martin,hostephen@example.org,Portable Charger,03-11-2018,433,South Davidfort,Credit Card
5600,James Avila,johnbonilla@example.org,Smartphone,14-06-2021,181,Lake Samantha,UPI
2127,Heather Ballard,moraleskathy@example.com,Laptop Case,25-04-2018,39,Anthonyshire,UPI
2331,Jeremy Perry,seansmith@example.org,Laptop Case,26-10-2017,246,Campbellhaven,UPI
1795,Mark Singh,etaylor@example.org,Smartphone,19-08-2022,185,Port Maryberg,Credit Card
2007,Mary Higgins,mariadavis@example.com,Wireless Headphones,15-09-2023,89,East Michael,COD
4598,Gabriella Cole,elizabeth69@example.net,Smartphone,20-06-2019,63,Port Josephstad,COD
9812,Jessica Rodriguez,kendrabrown@example.net,Wireless Headphones,08-01-2022,164,North Sandrashire,Credit Card
9869,Nicholas Gonzalez,edwardsrobin@example.net,Laptop Case,06-07-2018,425,New Craig,COD
9863,Patricia Holland,zjones@example.org,Laptop Case,23-11-2024,78,Lake Nichole,COD
6875,Daniel Rogers,ayalafrank@example.org,Laptop Case,02-12-2022,428,North Linda,COD
9066,Shane Anthony,lgarcia@example.net,Portable Charger,15-04-2024,91,Port Anna,UPI
7615,Brianna Simpson,kimberly74@example.com,Laptop Case,10-06-2022,312,Perezton,UPI
4090,Ryan Wallace,fkey@example.org,Portable Charger,30-05-2022,37,South Jane,UPI
1397,Robert Roberson,nross@example.com,Laptop Case,19-07-2020,99,Phillipsbury,Credit Card
2426,Kaitlyn Collins,rebeccalivingston@example.org,Portable Charger,12-07-2023,345,East Deborah,Credit Card
7935,Samantha Tucker,zheath@example.com,Smartphone,09-11-2023,286,West James,Credit Card
9490,Stephanie Duran,sanderslisa@example.net,Portable Charger,25-03-2024,263,North Patriciahaven,COD
4254,Brittany Hall,kennethmorris@example.com,Smartphone,11-05-2017,391,South Jessicaport,UPI
1679,Rachel Rios,anne92@example.com,Laptop Case,01-11-2024,192,Lake Timothy,COD
5500,Mason Rice,williamhall@example.com,Wireless Headphones,07-04-2017,415,North Brianfurt,COD
9457,Brittany Mack,christopherwallace@example.org,Laptop Case,28-04-2019,490,Racheltown,UPI
6932,Luke Colon,bishopterrance@example.com,Portable Charger,25-11-2024,296,Kevinbury,UPI
7109,Adam Harrison,kaitlyn06@example.net,Portable Charger,20-02-2021,408,Meganside,COD
6923,Elizabeth Perkins,paul78@example.org,Portable Charger,25-09-2020,82,West Katherinetown,Credit Card
8723,Jonathan Howell,katelyn22@example.net,Laptop Case,28-06-2018,307,East Carolinemouth,COD
5029,Mr. Tristan Chaney MD,adrian43@example.org,Wireless Headphones,22-11-2020,413,Phelpsland,COD
8650,Ian King,benderscott@example.net,Laptop Case,28-09-2017,203,Kennedyport,Credit Card
4286,Jesse Mcintosh,wandamedina@example.com,Portable Charger,31-05-2017,384,Port Jeremy,UPI
2127,Robert White,felicia35@example.com,Laptop Case,08-09-2021,33,Ianhaven,Credit Card
4034,Susan Bond,joshuacollins@example.net,Wireless Headphones,11-03-2017,104,Kaylaton,Credit Card
2416,Kayla Turner,dgomez@example.com,Wireless Headphones,16-01-2021,430,Lake Dakota,UPI
8352,Richard Fletcher,judith31@example.com,Laptop Case,01-03-2019,213,East Christopher,Credit Card
9708,Megan Curtis,osuarez@example.com,Smartphone,10-08-2023,430,North Michael,COD
5287,Karl Mora,alexis55@example.org,Laptop Case,09-12-2018,380,New Nicholasside,Credit Card
4421,John Smith,jennifer76@example.net,Wireless Headphones,24-02-2019,131,Ronaldville,UPI
1811,Sharon Blanchard,ujones@example.com,Laptop Case,06-07-2024,341,Karenhaven,UPI
5837,John Anderson,josephgillespie@example.org,Portable Charger,27-07-2017,320,West Jacquelinefort,UPI
4978,Christine Smith,jwilliams@example.org,Smartphone,06-12-2023,320,South Susan,UPI
7658,Michael Snyder,shull@example.org,Laptop Case,05-05-2023,26,Port Teresaside,COD
3664,Mr. Brian Jackson,reneemurray@example.com,Smartphone,05-09-2023,419,Lake Reginald,Credit Card
5757,Johnny Miles,ophillips@example.net,Wireless Headphones,07-02-2018,162,Townsendshire,Credit Card
7732,Tammy Harper,tgriffin@example.net,Laptop Case,02-02-2024,352,Sanchezview,UPI
5406,Jennifer Mcdonald,rickyjennings@example.org,Laptop Case,03-09-2018,46,Amandaberg,UPI
3830,Aaron Brown,devin40@example.com,Wireless Headphones,02-02-2021,453,South Victoria,UPI
8913,Krista Hughes,brianmitchell@example.com,Laptop Case,05-10-2024,350,Port Dustinmouth,UPI
8179,Veronica Alvarado,ofreeman@example.net,Wireless Headphones,17-05-2022,141,East Kelly,Credit Card
4754,Tracy Jones,smithmiranda@example.com,Wireless Headphones,26-06-2018,157,West Christophershire,Credit Card
7752,Lauren Vaughn,maciassamantha@example.net,Laptop Case,11-10-2023,123,West Judith,UPI
3295,Louis Doyle,abigailhebert@example.com,Smartphone,29-12-2020,100,Rileyborough,UPI
8367,Fernando Morton,jennifermontgomery@example.org,Portable Charger,03-02-2018,330,Amandamouth,UPI
1660,Brandon Gonzales,william19@example.com,Smartphone,17-10-2022,168,West Joshua,COD
5952,Erika Potter,gabriel87@example.net,Portable Charger,02-12-2021,252,North Carlborough,COD
7216,Elizabeth Newman,dianebowen@example.org,Wireless Headphones,24-08-2019,463,Janicebury,UPI
8722,Gerald Harper,eklein@example.com,Wireless Headphones,13-03-2017,78,Mccoyton,COD
2567,Joe Hughes,davidwilson@example.com,Portable Charger,22-01-2024,338,Chambersfort,COD
6072,Ashley Myers,mburnett@example.org,Laptop Case,03-08-2024,416,South Christopherbury,Credit Card
1148,Debbie Lewis,joseph27@example.org,Laptop Case,21-06-2017,89,East Anthonyfurt,Credit Card
6666,Sarah Marsh,andre29@example.net,Smartphone,23-10-2023,271,Bellfurt,COD
5440,Bridget Preston,nrodriguez@example.org,Laptop Case,13-01-2021,177,North Amanda,COD
5405,Nancy Robertson,flong@example.net,Laptop Case,19-10-2021,407,Melissaside,COD
1182,Robert Johnson,mullenwilliam@example.net,Laptop Case,06-03-2018,430,New Christopherbury,UPI
8287,Norma Sheppard,erictate@example.net,Portable Charger,04-10-2017,174,Kevinport,Credit Card
9992,William Lee,lisa89@example.com,Laptop Case,04-03-2017,68,West Rachel,Credit Card
8111,Valerie Mccarty,irocha@example.net,Wireless Headphones,22-07-2020,136,South Edward,UPI
1031,Matthew Simmons,lisafranklin@example.org,Smartphone,22-04-2021,205,East Victoriatown,UPI
6628,Andrew Robertson,smithkaitlin@example.org,Wireless Headphones,01-02-2022,104,Woodview,COD
6756,Sarah Singleton,wking@example.org,Laptop Case,18-10-2023,498,Henrymouth,COD
6577,Jesus Morgan,kyle47@example.net,Smartphone,26-01-2023,81,Gonzalezview,UPI
1415,Alexandria Brown,rodriguezjohn@example.com,Smartphone,17-06-2022,211,New Elizabeth,UPI
3737,Karen Gomez,wardwhitney@example.org,Wireless Headphones,24-10-2023,183,East Kimberly,Credit Card
2419,Jacob Patel,patricia46@example.com,Laptop Case,22-02-2019,494,Danabury,UPI
5460,Thomas Vincent,christophergraham@example.org,Portable Charger,12-04-2021,228,Villaburgh,COD
2683,Sandra Carter,ihobbs@example.com,Wireless Headphones,25-07-2020,195,Ashleymouth,COD
9157,Gregg Johnston,goldenjenna@example.org,Portable Charger,26-03-2017,318,Joannetown,COD
2815,Jeremy Taylor,mccallcatherine@example.net,Portable Charger,28-12-2023,25,South Jamiefort,Credit Card
6857,Catherine Newman,sarah83@example.org,Portable Charger,14-11-2020,73,Mayofort,UPI
8567,John Beltran,eweber@example.org,Wireless Headphones,17-01-2018,377,Annetteport,COD
5510,Mr. Dustin Smith,jenkinsalison@example.net,Laptop Case,07-08-2023,125,Peterberg,Credit Card
6738,Justin Jones,myersmichael@example.org,Smartphone,13-12-2019,335,Port Kenneth,COD
1925,Patrick Barnes,markbell@example.org,Laptop Case,16-07-2024,238,New Brianborough,Credit Card
8123,Teresa Preston,kadams@example.com,Smartphone,08-03-2025,490,Jeremymouth,UPI
9276,William Young,walterparker@example.com,Smartphone,03-05-2024,322,Jimenezshire,COD
2525,Curtis Goodman,shawntaylor@example.net,Laptop Case,27-01-2022,356,West Alexanderton,Credit Card
8386,Zachary Powell,william82@example.org,Portable Charger,09-04-2023,186,Nathanielland,COD
4425,Michael Madden,ryanrosales@example.com,Laptop Case,12-12-2017,202,North Brian,Credit Card
3686,Ronald Lara,ewall@example.net,Laptop Case,16-10-2017,93,South Johnmouth,Credit Card
8525,Yvonne Frost,lopezsamantha@example.com,Smartphone,23-12-2018,176,North Michelleshire,Credit Card
9087,Brandon Vance,abigailwyatt@example.org,Wireless Headphones,14-03-2017,26,Richardland,COD
1172,Rachel Sampson,gsingh@example.com,Portable Charger,30-08-2023,142,Rothhaven,Credit Card
5427,Ariana Poole,xlee@example.org,Wireless Headphones,17-02-2018,28,West Janetfort,Credit Card
6789,Stephen Williams,johnferguson@example.net,Wireless Headphones,08-02-2024,300,East Deborahhaven,COD
7196,Kiara Miller,perrypamela@example.net,Wireless Headphones,14-01-2024,389,East Billyview,COD
8685,Natasha Carter,jenkinsshawn@example.org,Smartphone,06-06-2022,409,Randallview,UPI
7130,Megan Frye,nguyentimothy@example.net,Laptop Case,14-05-2023,470,Amandatown,UPI
7848,Anthony Green,ifreeman@example.net,Portable Charger,18-01-2022,270,Palmerville,Credit Card
3975,Mary Myers,lisaharrison@example.com,Smartphone,21-05-2017,449,Jamesshire,COD
7550,Emily Howard,angelarusso@example.org,Portable Charger,23-05-2021,448,Pagefort,COD
6220,Cheryl Porter,burchleslie@example.net,Portable Charger,18-04-2018,180,Port Lauren,UPI
1588,Jason Flores,mary14@example.com,Wireless Headphones,26-02-2018,175,North Alex,UPI
2766,Jennifer Dunn,joannmurphy@example.com,Smartphone,28-12-2022,359,Patrickfort,Credit Card
8582,Rachael Payne,rleon@example.com,Wireless Headphones,23-03-2022,270,Port Jessicaside,COD
1322,Christopher Moore,pamelaburton@example.com,Laptop Case,21-11-2022,484,Turnerfort,UPI
2041,Thomas Ryan,zharrison@example.com,Smartphone,27-05-2022,452,South Jennifer,COD
3838,Stephanie Barker,shenry@example.com,Smartphone,14-08-2020,199,Port Michael,Credit Card
4877,Claire Hernandez,williamscatherine@example.net,Wireless Headphones,05-08-2019,198,Martinchester,COD
1494,Joseph Harris,brian31@example.com,Laptop Case,29-09-2017,352,Jonesfurt,Credit Card
5963,Chase Knight,kathy14@example.com,Smartphone,14-09-2018,154,Maryview,COD
8071,Robert Barber,egill@example.com,Wireless Headphones,21-10-2022,332,Heidiside,COD
4786,Tina Webb,christopher30@example.com,Laptop Case,25-08-2021,311,Port Michaeltown,UPI
7504,Abigail Kelly,brittanylloyd@example.org,Portable Charger,30-07-2021,499,Shawfort,Credit Card
5326,Renee Lewis,glovermichael@example.net,Portable Charger,08-05-2021,356,Lauramouth,UPI
1387,Stacy Valencia,dawnwilliams@example.org,Wireless Headphones,08-06-2021,248,East Jason,Credit Card
9763,Angela Smith,bowencrystal@example.org,Wireless Headphones,07-03-2021,326,Rossside,Credit Card
7873,Richard Davidson,bullockkelly@example.net,Laptop Case,18-12-2017,199,West Drew,COD
9801,Dr. Crystal Carson DVM,sydneybrown@example.com,Laptop Case,09-12-2017,383,Breannamouth,UPI
8940,Eric Smith,john75@example.org,Laptop Case,07-05-2019,186,Sharimouth,Credit Card
3433,Emily Gonzalez,daltonpierce@example.net,Portable Charger,30-10-2022,407,East Matthewberg,Credit Card
5737,Jessica Davis,hectorroman@example.com,Laptop Case,21-06-2017,43,Sheafort,COD
7604,Charles Johnson,harrishenry@example.org,Portable Charger,20-07-2023,169,Lake Phillipborough,Credit Card
9315,Ashley Bryant,mathew38@example.com,Wireless Headphones,03-05-2020,243,Stricklandbury,UPI
3612,Amber Stanley,vthomas@example.org,Laptop Case,10-04-2024,319,Smithburgh,UPI
6769,Ronald Sanchez,katrinathomas@example.com,Portable Charger,20-03-2018,222,Garciabury,COD
1383,Haley Cantu,christinawells@example.org,Portable Charger,07-01-2019,446,Perezview,UPI
7156,Rodney Carlson,angelatrujillo@example.org,Portable Charger,06-02-2022,57,Port Ambermouth,COD
9080,Alexis Alvarado,jennifer21@example.com,Smartphone,25-08-2024,179,Jonathanborough,Credit Card
6571,Jason Robertson,alisonlittle@example.net,Smartphone,15-08-2023,98,Loganville,Credit Card
3402,Alejandro Banks,lewisstephanie@example.net,Portable Charger,17-12-2022,441,New Steveview,COD
2294,Robin Vega,eric61@example.com,Laptop Case,02-05-2019,366,East David,UPI
3326,Nicole Evans,vanessajackson@example.net,Laptop Case,14-03-2023,248,Richardchester,UPI
5952,Jean Richardson,christophergriffin@example.org,Portable Charger,17-11-2022,152,East Jamesstad,Credit Card
3151,Nicole Williams,elizabeth74@example.com,Smartphone,18-05-2019,432,Port Kathleen,Credit Card
1689,Sara Lopez,fosterjessica@example.org,Laptop Case,03-10-2024,181,Annberg,Credit Card
9491,Jacob Lucero,maxwelldevin@example.com,Smartphone,09-01-2019,158,New Stevenborough,COD
1733,Michael Long,georgemelissa@example.com,Wireless Headphones,20-09-2024,148,Duarteberg,Credit Card
3689,Courtney Mitchell,aaronthomas@example.org,Portable Charger,07-08-2022,438,Jeromeland,COD
8462,Stacy Green,angelicaford@example.net,Wireless Headphones,23-10-2021,91,Ricardoberg,COD
9981,Leslie Jennings,qstewart@example.com,Wireless Headphones,17-02-2022,381,Lake Brianland,COD
5732,Samuel Davidson,kbennett@example.net,Laptop Case,21-01-2024,448,North Xavier,COD
5923,Kristen Maynard,christopherguzman@example.org,Smartphone,19-01-2019,313,Lake Blake,UPI
2567,Robert Wong,elawson@example.net,Wireless Headphones,27-05-2019,291,Robertshire,COD
7960,Michael Ford,wsmith@example.com,Laptop Case,18-06-2024,393,North Brian,COD
5875,Jonathan Thompson,diazrenee@example.com,Portable Charger,31-05-2017,409,Diazstad,UPI
2952,Andrew Cole,michaelcollier@example.org,Laptop Case,30-03-2019,273,North Stephanie,Credit Card
4643,Michael Colon III,tthomas@example.net,Laptop Case,29-06-2019,105,Port Karentown,COD
2662,David Smith,kyle65@example.com,Wireless Headphones,16-07-2022,381,North Kristiton,Credit Card
6375,Bradley Hernandez,klynn@example.net,Smartphone,02-03-2022,152,Millertown,Credit Card
5773,Brenda Davis,hamiltonchristopher@example.com,Smartphone,24-07-2019,26,Erinside,Credit Card
6716,John Smith,brian11@example.org,Smartphone,15-05-2022,348,Johnsonshire,Credit Card
5291,Robin Byrd,calebmontgomery@example.com,Laptop Case,15-01-2019,477,New Loriside,Credit Card
3800,Cheryl Wells,webbmary@example.net,Smartphone,16-10-2023,183,Thomasberg,COD
4935,Catherine Dixon,roymatthews@example.com,Wireless Headphones,19-12-2017,103,Johnside,UPI
2760,Lisa Martinez,reesejames@example.com,Portable Charger,08-12-2023,141,West Linda,Credit Card
2584,Carmen Powell,mary18@example.com,Portable Charger,17-02-2017,263,North Courtney,COD
5058,Andrea Walton,williamsondanielle@example.com,Smartphone,13-03-2018,448,Lake Eric,UPI
3966,Ashley Schaefer,josephanderson@example.com,Smartphone,04-08-2018,304,Lake Scotttown,Credit Card
7749,Christopher Rocha,cynthia43@example.org,Laptop Case,25-01-2021,486,New Sandrahaven,Credit Card
9056,Marissa Santos,owhite@example.org,Portable Charger,10-11-2023,161,West Marymouth,Credit Card
2779,Erika Galvan,rodney25@example.com,Smartphone,05-03-2019,39,West Danielfort,COD
5113,Christopher Miller,courtney80@example.org,Laptop Case,17-10-2017,419,West John,UPI
6896,Angel Phillips,mkerr@example.org,Wireless Headphones,04-11-2017,423,New Meganstad,COD
6483,Daniel Brooks,elizabethtucker@example.org,Wireless Headphones,07-11-2017,98,Elliotttown,COD
8811,Scott Daniels,geraldfletcher@example.net,Smartphone,23-03-2022,491,Crystalside,UPI
4889,Sue Olson,ruizstephen@example.net,Portable Charger,19-03-2024,393,Johnsonchester,COD
7364,Phillip Thomas,wellsjohn@example.com,Smartphone,14-08-2019,105,Daltonside,UPI
8513,Dean King,bryan78@example.net,Smartphone,21-07-2017,232,Michaelfurt,UPI
9537,Hayley Reed,grantsparks@example.com,Laptop Case,17-05-2023,67,South Monica,Credit Card
2948,Jeremy Grant,mcintyrejohn@example.net,Laptop Case,08-05-2019,179,Port Fernando,Credit Card
9260,Hector Baker,jparker@example.com,Portable Charger,20-02-2017,309,Alexanderview,Credit Card
6896,Ashley Simon,john03@example.net,Smartphone,12-08-2018,270,Jacobsmouth,UPI
7142,Nicole Erickson,james23@example.net,Wireless Headphones,29-01-2025,76,South Vanessa,Credit Card
2344,Henry Kelly,scott45@example.com,Wireless Headphones,26-03-2021,224,Grayland,COD
3123,Robert Kerr,james71@example.net,Portable Charger,05-04-2022,372,Port Alexandrachester,Credit Card
4595,Carmen Cooper,judithbaldwin@example.org,Portable Charger,16-08-2021,404,Port Catherine,Credit Card
4063,Heidi Hernandez,jacobsjordan@example.com,Laptop Case,09-12-2018,446,South Kennethside,UPI
7819,Connor Barnes,ashleyvega@example.org,Smartphone,15-02-2020,33,Williamsview,COD
9749,Jacob Little,conleybrian@example.com,Portable Charger,28-12-2022,74,North William,COD
9513,Nancy Le,tayloredwin@example.com,Portable Charger,21-03-2024,53,East Ralph,UPI
5532,Susan Baker,walkercharles@example.org,Wireless Headphones,06-04-2024,176,New William,COD
6705,Gabriel Ward,jamesbentley@example.com,Wireless Headphones,13-11-2017,321,Port Wendy,Credit Card
2521,Anthony Marshall,tylerharris@example.org,Portable Charger,20-04-2022,407,Stephensonberg,Credit Card
4390,Donna Yang,ashley41@example.com,Portable Charger,05-04-2018,63,Briannashire,COD
2214,Lynn Parsons,uholland@example.com,Wireless Headphones,22-07-2017,285,Jessicabury,COD
3608,Allison Rodriguez,cookderek@example.net,Laptop Case,12-02-2022,193,South Amber,UPI
2845,Rebecca Combs,davidstephens@example.net,Wireless Headphones,08-07-2020,252,Johnsonberg,Credit Card
6297,Steven Allen,wangdeborah@example.com,Laptop Case,09-10-2024,207,Douglasside,Credit Card
9689,David Adams,nbolton@example.org,Portable Charger,17-04-2024,497,Rickyton,Credit Card
3616,Chloe Smith,heidicole@example.com,Smartphone,19-07-2023,23,East Kevin,COD
9392,Rachel Day,dianegill@example.net,Wireless Headphones,01-07-2023,469,Michaelview,UPI
3154,Amy Villegas,victoria70@example.net,Smartphone,21-03-2022,486,Lake Joshua,UPI
2334,Alyssa Crosby,joshua89@example.com,Laptop Case,05-02-2025,369,North Sherryborough,COD
1953,Connor Peterson,reedkaren@example.net,Wireless Headphones,16-09-2022,413,Lake Scott,Credit Card
9729,Jessica Burgess,bradleymiller@example.net,Wireless Headphones,27-04-2021,425,Castillohaven,COD
3963,Sandra Ryan,michael18@example.net,Smartphone,05-01-2025,176,Butlerfort,UPI
5057,Jennifer Miller,boydjoshua@example.com,Wireless Headphones,14-01-2019,443,New Matthew,Credit Card
6556,Erik Shelton,rcummings@example.net,Portable Charger,23-10-2022,263,West Ashley,Credit Card
6490,Brandi Ferguson,gthomas@example.org,Portable Charger,17-01-2020,288,Ronaldstad,COD
6381,Brad May,andrewlewis@example.org,Laptop Case,25-05-2020,361,Knightton,COD
6751,Amanda Harris,dmcgee@example.org,Wireless Headphones,08-12-2023,430,Kevinmouth,COD
3919,Stephanie Simmons DDS,gabriella15@example.net,Laptop Case,15-01-2022,408,Samuelfurt,COD
1011,Victoria Estrada,carteradam@example.com,Portable Charger,24-09-2018,115,Kevinfurt,COD
4619,Jesus Miller,ashleysullivan@example.org,Laptop Case,08-11-2018,69,North Michelle,UPI
2462,Erin Day,erik90@example.net,Wireless Headphones,03-02-2018,91,North Tammystad,Credit Card
4025,Courtney Gentry,sarahcarson@example.net,Laptop Case,16-02-2021,156,Ewingview,UPI
7309,Susan Mclaughlin,cruzdavid@example.net,Smartphone,26-09-2019,416,Port Thomashaven,Credit Card
5341,Katrina Blevins,derek79@example.org,Laptop Case,06-06-2020,51,Murphyhaven,UPI
3999,James Wiggins,aprilcortez@example.com,Wireless Headphones,20-10-2019,346,New Angelaland,COD
2317,Miranda White,morrisjames@example.com,Laptop Case,15-01-2025,24,Lake Jefftown,Credit Card
8613,Bryan Flynn,ochoajavier@example.com,Laptop Case,13-06-2021,200,West Michelle,UPI
7053,Rachel Brown,brownbrenda@example.org,Smartphone,09-05-2024,96,East Robertland,Credit Card
7125,Madison Williams,fordrandall@example.net,Laptop Case,28-12-2019,165,Port Dianachester,Credit Card
4210,Phyllis Carpenter,omichael@example.com,Portable Charger,26-09-2023,157,Jasonmouth,Credit Card
8867,Hannah Perry,stevengarcia@example.org,Portable Charger,27-02-2021,293,Parkerchester,COD
7508,Derek Stanton,hutchinsonbryan@example.com,Laptop Case,15-07-2021,432,West Deborahside,UPI
7948,Heather Peters,ypage@example.net,Laptop Case,22-02-2025,30,Jorgestad,UPI
4051,Sherri Haas,johnjohnson@example.net,Wireless Headphones,25-10-2022,103,Amybury,UPI
3989,Melissa Brown,herbert87@example.org,Smartphone,20-11-2024,310,Smithborough,COD
4594,Amy Ortiz,james35@example.com,Portable Charger,25-12-2019,330,West Derrick,Credit Card
8511,Nicholas Medina,cynthia57@example.net,Wireless Headphones,13-08-2024,493,Johnsonmouth,Credit Card
4764,Amanda Mahoney,stevenmason@example.org,Portable Charger,18-12-2024,30,Lake Natalie,COD
7808,Kelly Ryan,christopher05@example.net,Laptop Case,07-09-2017,160,Samanthatown,COD
7589,Taylor Edwards,carmen45@example.com,Smartphone,09-12-2020,75,Jakeport,Credit Card
5997,Laura Thomas,smithchristine@example.com,Smartphone,26-12-2017,382,Allisonmouth,UPI
3684,Heather Ho,erica26@example.com,Smartphone,10-10-2017,331,Sheppardburgh,Credit Card
3653,Jeffrey Marks,esimpson@example.org,Wireless Headphones,06-01-2022,265,North Johnville,Credit Card
6655,William Palmer,annawilkinson@example.org,Smartphone,16-06-2020,179,Alexanderhaven,UPI
6053,Benjamin Cross,kimberlywoodward@example.net,Portable Charger,28-06-2024,397,Kellystad,Credit Card
1178,Thomas Hall,smithricky@example.org,Laptop Case,25-09-2017,254,Bowersburgh,UPI
7922,Cynthia Clark,sharonkim@example.net,Laptop Case,23-04-2019,229,Kellyland,Credit Card
3099,Robert Kline,mariathompson@example.net,Wireless Headphones,17-10-2020,355,Lake Erikafurt,UPI
5473,Janet Smith,ybarry@example.com,Smartphone,24-06-2023,365,West Robert,COD
8030,Robert Phillips,brendanlarson@example.net,Portable Charger,28-02-2019,163,South Karastad,COD
4925,Mark Gross,hayescrystal@example.net,Laptop Case,20-09-2019,187,East Tinaland,Credit Card
2456,Dustin Ochoa,psullivan@example.com,Portable Charger,28-01-2019,286,Marytown,COD
5809,Theresa Hayes,cindy96@example.org,Portable Charger,15-04-2018,438,Port Rachelmouth,UPI
2005,Sharon Branch,lholder@example.com,Portable Charger,12-04-2019,346,North Tracy,UPI
1855,Tyler Perkins,vlawrence@example.net,Portable Charger,30-06-2018,409,Melaniemouth,COD
7810,Jonathan Rodriguez,andreadavis@example.com,Laptop Case,29-08-2023,496,Angelaburgh,Credit Card
5290,Brittany Jones,julian14@example.org,Laptop Case,04-12-2018,468,Sergiofort,UPI
9277,Adam Cook,dwayne71@example.net,Laptop Case,31-07-2019,330,West Christopherland,Credit Card
7258,Michael Scott,melissa26@example.com,Wireless Headphones,04-08-2024,285,Ortizmouth,Credit Card
7025,Jennifer Wagner,jeff06@example.com,Laptop Case,22-03-2019,45,East Jennifer,COD
7146,Thomas Mercado,gregoryberry@example.com,Smartphone,14-10-2023,128,North Patrickville,COD
2609,Patrick Nelson,terrihernandez@example.org,Portable Charger,12-12-2021,253,Bethtown,UPI
5888,Maria Green,rachelfranklin@example.org,Portable Charger,24-07-2023,220,Kellyshire,Credit Card
1402,Patricia Hebert,gcarter@example.com,Smartphone,29-09-2017,185,Taylorchester,COD
5896,Jared Carter,waguirre@example.net,Laptop Case,25-08-2019,78,New Davidbury,Credit Card
2710,Morgan Smith,ronald93@example.org,Portable Charger,17-06-2017,213,Walkerberg,COD
6111,Nicholas Robertson,irichards@example.com,Portable Charger,29-11-2023,313,Lake Chrisfort,Credit Card
7556,Holly Rivera,justin47@example.org,Portable Charger,26-09-2023,206,Vincentberg,Credit Card
8749,Wesley Young,michael93@example.org,Wireless Headphones,03-12-2022,480,North Wesleyshire,Credit Card
7546,John Williams,rebekahwalter@example.com,Portable Charger,04-01-2021,110,Brentstad,UPI
6940,Tammy Gonzales,beckjose@example.net,Portable Charger,15-06-2024,317,New Sean,COD
6213,Gina King,torreseric@example.org,Laptop Case,23-05-2019,457,Mitchellland,UPI
1454,Bethany Parker,burnsedward@example.org,Laptop Case,19-02-2019,196,Joshuaborough,Credit Card
8061,Vincent Price,aevans@example.net,Laptop Case,16-11-2022,254,East Christopherstad,Credit Card
1852,Douglas Smith,wwells@example.com,Smartphone,25-02-2019,221,New Dennisview,Credit Card
4605,Richard Fisher,hillmichael@example.org,Laptop Case,06-12-2024,344,Brittanychester,Credit Card
8630,John Meyer,laraheather@example.org,Portable Charger,14-07-2017,194,East Jessicaport,UPI
1530,Erica Johnson,lindablake@example.com,Wireless Headphones,24-05-2020,326,Lake James,COD
6603,Gregory Romero,arthurhudson@example.org,Portable Charger,25-06-2017,166,Williamsmouth,Credit Card
7742,Brandon Harris,kellie71@example.net,Smartphone,11-07-2024,343,Williamfurt,UPI
4029,Tyler Alvarez,michael28@example.org,Laptop Case,07-11-2018,88,Fisherview,Credit Card
2972,Scott Powers,james78@example.net,Smartphone,08-06-2018,36,Lewisfurt,Credit Card
6364,Scott Watts,kathleen74@example.net,Laptop Case,26-12-2021,474,Jenningstown,UPI
8630,Jennifer Simpson,sarah68@example.net,Smartphone,22-08-2024,383,New Willie,Credit Card
1569,Erica Marshall,hendricksjoseph@example.org,Laptop Case,22-03-2018,413,Heatherville,Credit Card
7291,Kristen Rivera,james83@example.org,Wireless Headphones,05-07-2017,475,Taramouth,Credit Card
3759,Elaine Meyer,maldonadojames@example.net,Smartphone,16-10-2020,133,South Larryfurt,COD
2366,Brian Wright,amanda35@example.net,Smartphone,29-11-2021,106,Acostafurt,Credit Card
8094,Mary Ellis,wagneramy@example.com,Portable Charger,05-12-2019,319,Newtonmouth,Credit Card
3364,Tracy Wilson,travisnguyen@example.org,Smartphone,06-07-2018,106,Port Trevorland,Credit Card
4163,Mario Perry,gloriawelch@example.com,Portable Charger,13-07-2017,220,Lawrencefort,UPI
4919,Amanda Armstrong DVM,nathansantana@example.org,Wireless Headphones,28-03-2024,305,New Collin,Credit Card
1234,Alexis King,rodneyherman@example.net,Smartphone,27-08-2024,364,Taraton,UPI
7126,Benjamin Stewart MD,sweeneysheila@example.net,Portable Charger,15-10-2017,356,South Zachary,Credit Card
9051,Mary Taylor,stephanie06@example.com,Smartphone,27-11-2017,267,West Benjamin,Credit Card
6842,Mia Hubbard,taylorlisa@example.com,Laptop Case,23-10-2024,33,West Matthewtown,UPI
8199,Joshua Alvarez,mathew56@example.org,Wireless Headphones,16-02-2017,100,Lake Natashachester,UPI
6239,Ruth Jones,iharris@example.org,Laptop Case,10-11-2024,233,Port Christopherburgh,UPI
7288,Richard Floyd,rachel12@example.org,Smartphone,05-07-2020,177,East Michael,COD
2760,Anthony Powell,lisamartin@example.com,Portable Charger,28-08-2020,331,Christinaland,COD
7247,Cynthia Heath,joseph07@example.net,Smartphone,13-10-2020,279,North Seanfort,Credit Card
7409,Carly Arnold,heather10@example.net,Wireless Headphones,08-05-2022,336,Rodneyland,COD
3098,Joseph Riddle,meghanhines@example.com,Portable Charger,24-11-2022,403,New Dan,Credit Card
7799,Monica Phillips,benjamindeleon@example.net,Portable Charger,17-07-2024,252,North Michaelside,Credit Card
4300,Mr. Lee Hansen DDS,kfleming@example.com,Smartphone,29-07-2021,351,Stevenville,Credit Card
5332,Elizabeth Finley,andersonamanda@example.com,Laptop Case,02-04-2018,446,Clarkport,UPI
8144,Amy Horn,qkelly@example.net,Laptop Case,29-03-2024,214,Millerfort,Credit Card
9998,Colleen Ford,sean77@example.com,Smartphone,22-03-2023,126,Wardland,Credit Card
3485,Nancy Crawford,frenchbrandon@example.net,Laptop Case,13-03-2018,480,New Mariamouth,COD
7915,Zachary Rose,ortegapatricia@example.com,Portable Charger,24-01-2024,74,Danielfort,COD
6817,Sarah Martin,mccoyjoshua@example.net,Wireless Headphones,14-11-2023,460,Lake Daniel,COD
8673,Stephanie Collins,suzanne21@example.org,Portable Charger,05-06-2023,448,New Peterfort,COD
7523,Deborah Bryan,jennifer19@example.com,Portable Charger,20-04-2022,247,New Nicholasburgh,COD
4053,Lindsay Tyler,ortegatammy@example.com,Smartphone,12-10-2018,320,Robinfort,COD
7107,April Garcia,valentinelaura@example.com,Smartphone,28-12-2021,169,Melanieport,COD
6553,David Welch,mayjennifer@example.net,Portable Charger,25-08-2023,387,Fosterstad,COD
7384,Christopher Martin MD,marnold@example.com,Wireless Headphones,26-03-2020,257,Port Bradleyborough,COD
5040,Andrew Harris,cherrywhitney@example.org,Laptop Case,23-02-2024,434,Virginiaton,Credit Card
8087,Timothy Miller,brian82@example.com,Laptop Case,11-02-2024,323,Wilkinsview,Credit Card
3127,Gabriella Lewis,rsanchez@example.com,Smartphone,14-08-2024,347,Port John,UPI
4814,Cathy Reilly,gibsonlisa@example.org,Laptop Case,05-01-2022,458,Denisemouth,COD
4606,Carolyn Mitchell,henry20@example.com,Portable Charger,07-02-2023,287,Shortfurt,UPI
9953,Colleen Harrison,laura79@example.com,Portable Charger,07-09-2023,33,Karenview,COD
1995,Tracey Nguyen,nicolescott@example.org,Laptop Case,26-05-2021,445,South Robertland,Credit Card
3747,Amanda Thompson,sandersdavid@example.net,Portable Charger,24-08-2023,285,East Jennifer,Credit Card
6320,Marvin Weiss,anthonydougherty@example.org,Laptop Case,12-05-2017,302,South Jared,Credit Card
5613,Brandon Wilson,candicemartin@example.com,Portable Charger,19-04-2019,334,Jasmineshire,Credit Card
7641,Sandra Adkins,grantjoseph@example.com,Portable Charger,25-08-2022,493,Piercehaven,UPI
2131,Kathleen Russell,mary51@example.org,Portable Charger,09-07-2023,189,North Lorifort,COD
4959,Christina Brown,cameronrodriguez@example.net,Smartphone,10-09-2024,156,North Crystalland,Credit Card
8754,Joshua Rowland,omartin@example.org,Laptop Case,11-10-2020,393,East Joseph,Credit Card
9299,Patrick Henderson,reyeskim@example.net,Laptop Case,16-11-2018,164,Hartview,UPI
9824,Kenneth Wells,ocervantes@example.org,Smartphone,15-10-2019,265,East Tracyville,COD
4495,Brittany Lewis,merrittcarl@example.org,Wireless Headphones,03-07-2017,170,Saraland,COD
3587,Anthony West,boyddavid@example.com,Smartphone,20-07-2018,139,Benjaminmouth,Credit Card
4043,Karen Hale,brittany63@example.net,Laptop Case,10-10-2024,423,Mikeborough,COD
4860,Faith Klein,zrose@example.net,Smartphone,04-09-2024,22,Port Michael,UPI
8162,Mason Nelson,matthewdawson@example.org,Wireless Headphones,14-11-2019,423,Valerieshire,UPI
9177,Michael Meyer,scott71@example.org,Laptop Case,05-02-2018,427,North Eileenmouth,Credit Card
5208,Teresa Leonard,garyfarmer@example.com,Portable Charger,24-02-2024,49,North Jeremyburgh,COD
5234,Megan Scott,xkim@example.org,Smartphone,07-05-2021,489,Nealfort,COD
3330,Brian Hanna,tiffanybrooks@example.net,Wireless Headphones,13-04-2018,24,West Ann,COD
5602,Robert Martinez,michael98@example.org,Portable Charger,28-08-2024,99,North Sandraberg,UPI
2614,Bryan Kelly,kevin28@example.com,Smartphone,11-12-2020,422,Conleyville,UPI
6848,Ryan Stewart,meyeranna@example.org,Laptop Case,18-03-2017,106,Port Denise,UPI
7301,Katherine Kramer,terry90@example.com,Laptop Case,10-06-2023,356,New Troy,COD
9639,Jessica West,barbaraspencer@example.com,Smartphone,15-10-2017,57,Lake Timothy,UPI
9551,Kelly Richardson,diazsamantha@example.net,Laptop Case,19-08-2021,423,New David,Credit Card
9894,Morgan Duke,patricia69@example.com,Portable Charger,26-08-2021,405,East Shawn,COD
4717,Jack Johnson,samantharocha@example.com,Smartphone,27-11-2023,182,Allenside,UPI
2215,Michael Farley,felicia80@example.com,Smartphone,08-08-2023,341,East Joelfort,UPI
7413,James Reyes,fpennington@example.org,Laptop Case,18-11-2024,209,West Ann,UPI
7328,Jessica Yoder,zsimmons@example.net,Smartphone,03-08-2018,444,Petersenland,Credit Card
5715,Theresa Herrera,wsmith@example.org,Wireless Headphones,25-01-2017,299,Hardinghaven,COD
7647,Joseph White,thomas03@example.net,Portable Charger,22-03-2021,222,Priscillaview,UPI
4700,Vincent Dalton,daniellewatts@example.org,Smartphone,15-02-2018,257,Michaelview,Credit Card
9395,Anthony Francis,brownjames@example.com,Portable Charger,19-02-2020,241,Port Benjaminburgh,UPI
3916,Gina Park,zcohen@example.com,Smartphone,11-09-2018,159,Robertsview,UPI
5330,Wanda Jacobs,clarkstacey@example.org,Wireless Headphones,30-06-2022,110,Marieberg,COD
5296,Kathleen Clark,fwhite@example.org,Smartphone,12-12-2020,356,East Thomas,UPI
1659,Jeffrey Mccall,johnstonlisa@example.org,Wireless Headphones,22-01-2020,320,Thomashaven,Credit Card
6143,Brittany Williams,roberthorton@example.net,Portable Charger,17-12-2019,365,Orrberg,UPI
9655,Lori Baker,annepierce@example.net,Laptop Case,30-04-2019,119,West Michelleland,Credit Card
7580,Sharon Gray,tomanderson@example.com,Laptop Case,17-03-2017,450,Port Dianaburgh,Credit Card
3381,Mark James,hahnhenry@example.org,Laptop Case,21-02-2018,123,Hunttown,Credit Card
9483,Alexander Simpson,dbaldwin@example.org,Wireless Headphones,16-10-2021,112,Marystad,UPI
4283,Sara Anderson,evansterri@example.org,Wireless Headphones,20-10-2023,196,New Alan,COD
9363,Stacy Gates,vmatthews@example.org,Wireless Headphones,06-06-2021,421,Aaronfurt,UPI
4946,Lindsay Webb,garzaamanda@example.com,Wireless Headphones,26-02-2020,134,Lake Williamtown,Credit Card
7172,Brian Gould,jeffrey41@example.net,Wireless Headphones,01-03-2019,261,Thompsonton,UPI
5590,Jessica Gilbert,jasonhoffman@example.com,Laptop Case,10-02-2019,125,Port Taylor,Credit Card
3278,Gary Phillips,markbell@example.net,Portable Charger,17-04-2017,201,Hawkinsburgh,UPI
9471,Vanessa Stephens,lsmith@example.com,Smartphone,24-12-2021,127,Dayshire,COD
6232,Mackenzie Hinton PhD,marcus09@example.org,Laptop Case,29-01-2023,355,Port Gina,Credit Card
3163,Rebecca Saunders,catherine88@example.org,Smartphone,30-06-2023,395,Port Christina,COD
3239,Robert Powell,yvaldez@example.net,Laptop Case,27-11-2020,473,Kimberlychester,COD
8169,Rachel Poole,bfranklin@example.net,Portable Charger,27-11-2018,318,Annabury,COD
9102,Kylie Lewis,cmendez@example.net,Wireless Headphones,26-12-2018,479,New Sarahville,COD
8377,Corey Lewis,cjohnson@example.org,Wireless Headphones,27-07-2021,489,North Mary,COD
8659,Patricia Hughes,ismith@example.org,Wireless Headphones,17-11-2018,37,New Emilyfurt,Credit Card
9168,Raymond Conrad,timothy76@example.org,Smartphone,12-02-2024,262,Smithport,COD
4363,Steven Johnson,jacob25@example.net,Wireless Headphones,22-12-2021,237,New Michael,UPI
9187,Daniel Baker MD,jeffrey92@example.net,Portable Charger,13-03-2017,207,South Luis,COD
8961,Laura Smith,dhogan@example.net,Portable Charger,29-12-2019,409,New Jeffrey,UPI
3300,Nathaniel Hall,sarahboyer@example.org,Wireless Headphones,10-04-2018,430,Kimberlyberg,UPI
2030,Megan Newman,christopher16@example.org,Laptop Case,11-10-2019,209,Evanston,COD
5712,Benjamin Hall,dawnmiller@example.org,Laptop Case,17-03-2022,338,South Katiebury,UPI
6384,Laura Thompson,smithjames@example.net,Smartphone,11-05-2018,380,Alisonmouth,Credit Card
5153,Robert Farley,brandisanders@example.net,Laptop Case,20-09-2017,157,Gonzalezland,UPI
9518,Timothy Robinson,barkerashlee@example.org,Wireless Headphones,26-06-2022,34,Port Monica,COD
5911,Erin Clark,danaherrera@example.net,Portable Charger,26-07-2023,287,Woodwardmouth,UPI
8205,Martin Hendricks,jorgestevenson@example.com,Smartphone,04-11-2023,169,West Casey,UPI
3919,Heather Perkins,howellzachary@example.com,Smartphone,13-07-2020,306,South Amberbury,COD
6129,Eric Sawyer,cooperbrian@example.net,Portable Charger,25-03-2023,152,East Gregory,UPI
